session_key,year,circuit_short_name,race_date,driver_name,condition_id,yes_token_id,volume_usd,above_volume_floor,total_minutes,quote_minutes,trade_minutes,fresh_minutes,quote_coverage,trade_coverage,fresh_coverage,trades_in_window,traded_size,first_price_ts,last_price_ts,source,volume_rank,top_n
9558,2024,Silverstone,2024-07-07,Max Verstappen,0x64ba71fed84c22a185a8ab741179afadb54c3d37c3df23f235c91e54b1aed8e6,98930144476379325713158646480723526310864021332090897701422583785765624014068,18179.48,True,121,120,22,76,0.9917355371900827,0.18181818181818182,0.628099173553719,34,6547.841626,2024-07-07 14:00:02+00:00,2024-07-07 15:59:02+00:00,prices-history,1,True
9558,2024,Silverstone,2024-07-07,Lando Norris,0xb2b5be8a3ca1a1c41eeae8b7e4b3ce7d5bb515a3f4b745277d55a1c311e73753,97740401804213967266861686187317527023330795646624776337654308937694368087814,7544.07,True,121,120,8,25,0.9917355371900827,0.06611570247933884,0.2066115702479339,9,498.53729899999996,2024-07-07 14:00:02+00:00,2024-07-07 15:59:02+00:00,prices-history,2,True
9558,2024,Silverstone,2024-07-07,Lewis Hamilton,0xd2b52467671d800dce6050a56f15968f83519ecdfaaa486cdd33250b39fa7bba,98478362473700132582844003123936597086121119882015265457112855053259973972097,3776.99,False,121,120,7,34,0.9917355371900827,0.05785123966942149,0.2809917355371901,9,134.633692,2024-07-07 14:00:02+00:00,2024-07-07 15:59:02+00:00,prices-history,3,True
9558,2024,Silverstone,2024-07-07,Charles Leclerc,0x6816c3e317fdde5cc8c19bdea678187ceb364b6a109c36f39b9872da6f5c7f41,85217968485078952440202993969908114939799079074945783022081100523227618660796,2788.94,False,121,120,3,15,0.9917355371900827,0.024793388429752067,0.12396694214876033,3,301.0,2024-07-07 14:00:02+00:00,2024-07-07 15:59:02+00:00,prices-history,4,True
9558,2024,Silverstone,2024-07-07,Oscar Piastri,0xfd592c55fb46dc4dbdbf867b3c0c0a952179bad978951c696dd936aad62ee907,59480079041077604897880516105991790032858128348260550848877244186857800043274,1213.56,False,121,120,0,0,0.9917355371900827,0.0,0.0,0,0.0,2024-07-07 14:00:02+00:00,2024-07-07 15:59:02+00:00,prices-history,5,True
9558,2024,Silverstone,2024-07-07,George Russell,0xcd560875c9e0a4173f652051a054799aad17ac62217633841470066793e1d63b,36239033997462392042588981691985782685098097148813124173654876404055870324737,1123.66,False,121,120,4,16,0.9917355371900827,0.03305785123966942,0.1322314049586777,5,114.091736,2024-07-07 14:00:02+00:00,2024-07-07 15:59:02+00:00,prices-history,6,True
9582,2024,Zandvoort,2024-08-25,Max Verstappen,0x85c51dbbc85829d25ae32b3addea252f57c10ff7471558b05a241a2f3d3bbb41,25404250809830131922244375909719480958565286126983853575259330185387858182200,28844.59,True,121,120,25,82,0.9917355371900827,0.2066115702479339,0.6776859504132231,29,3989.764664,2024-08-25 13:00:01+00:00,2024-08-25 14:59:01+00:00,prices-history,1,True
9582,2024,Zandvoort,2024-08-25,Lando Norris,0xb86ecedc5b65f33144db41f993112b4352d42c187a8ea639a70ac99db6d228c8,75925059002740121414739181701409411845920455165448277166410694709015204114475,11105.21,True,121,120,24,82,0.9917355371900827,0.19834710743801653,0.6776859504132231,30,3638.961759,2024-08-25 13:00:01+00:00,2024-08-25 14:59:01+00:00,prices-history,2,True
9582,2024,Zandvoort,2024-08-25,Oscar Piastri,0x388041cb356ffd92be32ccad061ee764bd27274e78ca2005febea7093e4cada9,36988415271019998783754714839683952235792639150957489510314426893273987314141,6107.29,True,121,120,6,26,0.9917355371900827,0.049586776859504134,0.21487603305785125,7,884.9799999999999,2024-08-25 13:00:01+00:00,2024-08-25 14:59:01+00:00,prices-history,3,True
9582,2024,Zandvoort,2024-08-25,Lewis Hamilton,0xa10284ebf9e0968df21f69ad496a2662139568afefb4574a5cb9ae638f203151,115309345277894869509963270239458174428900117909876653306104503809785175705689,5142.29,True,121,120,11,37,0.9917355371900827,0.09090909090909091,0.30578512396694213,11,634.598713,2024-08-25 13:00:01+00:00,2024-08-25 14:59:01+00:00,prices-history,4,True
9582,2024,Zandvoort,2024-08-25,George Russell,0x2f9fc4e9ba76e9e2501df62383cfb3b8378b2fd9c9e50ea0a9c1ecd3ca590db1,47407754754614383917972026278592389417064744143503366503657609771374211282081,3790.33,False,121,120,1,6,0.9917355371900827,0.008264462809917356,0.049586776859504134,1,104.0,2024-08-25 13:00:01+00:00,2024-08-25 14:59:01+00:00,prices-history,5,True
9582,2024,Zandvoort,2024-08-25,Charles Leclerc,0xbe28595d22ee1853d5b8fbe27f6b0f2d3fa68fb640cad8e0c7d40db147a4072d,31825505652263138733317010404598514321615125096760208641245136313004197120412,3480.34,False,121,120,0,0,0.9917355371900827,0.0,0.0,0,0.0,2024-08-25 13:00:01+00:00,2024-08-25 14:59:01+00:00,prices-history,6,True
9582,2024,Zandvoort,2024-08-25,Carlos Sainz,0x3a0544df05338559a3904151fb1984b5e64b7cc5fdd08aa0fab1a8c57830d18b,18160180978974107371787419528963793960253165785719007035758296293396940265456,2465.04,False,121,120,0,0,0.9917355371900827,0.0,0.0,0,0.0,2024-08-25 13:00:01+00:00,2024-08-25 14:59:01+00:00,prices-history,7,False
9590,2024,Monza,2024-09-01,Lando Norris,0x08f0dfac9b89d0caef4b14acb445f7048736e0dfc79f6876996fc548835a7a25,72746771191547451113065348385341518510339656974063696194723664821810483682219,73430.31,True,121,120,36,95,0.9917355371900827,0.2975206611570248,0.7851239669421488,44,28064.549161999992,2024-09-01 13:00:02+00:00,2024-09-01 14:59:02+00:00,prices-history,1,True
9590,2024,Monza,2024-09-01,Oscar Piastri,0xc54b43c12303b1701e5dfa816a83e7785f4695078e0c8c9ce971d5c1eebb18bc,72838462865979046956361621909165177986938904959435789049471146935688733587779,26101.55,True,121,120,35,83,0.9917355371900827,0.2892561983471074,0.6859504132231405,50,4071.035462,2024-09-01 13:00:02+00:00,2024-09-01 14:59:02+00:00,prices-history,2,True
9590,2024,Monza,2024-09-01,Charles Leclerc,0xa70e05e422a2e7520d8da618a71c70abc6a6b7e26d9e67c4e8eed8d11ba58273,14818398380903858842709015089687092150440656447574016493796815552393065837453,24696.34,True,121,120,34,85,0.9917355371900827,0.2809917355371901,0.7024793388429752,60,14496.984973999999,2024-09-01 13:00:02+00:00,2024-09-01 14:59:02+00:00,prices-history,3,True
9590,2024,Monza,2024-09-01,Max Verstappen,0xf8e83c78f395da4baca6666063281a63b6b10a50a400a753116ea2b38d833426,81087473755442291139898883521219964217456950730026946273855666781746498030841,21607.57,True,121,120,15,51,0.9917355371900827,0.12396694214876033,0.4214876033057851,18,1341.9686359999998,2024-09-01 13:00:02+00:00,2024-09-01 14:59:02+00:00,prices-history,4,True
9590,2024,Monza,2024-09-01,Lewis Hamilton,0xd9a395d69eea9fbda5114e32166afd376661ca7c590689f2d260706b9e88ab36,56335616023447929770194090551378417414599005549037678770294177342246042360442,13077.8,True,121,120,2,12,0.9917355371900827,0.01652892561983471,0.09917355371900827,4,167.3,2024-09-01 13:00:02+00:00,2024-09-01 14:59:02+00:00,prices-history,5,True
9590,2024,Monza,2024-09-01,George Russell,0x9db4536da3cb4ab52d003f6f26b315afeb6b43ceeecfa8da0e6cfa6192779827,89013093785804511953958790942761456454513360635956366011574687220479592809781,5123.76,True,121,120,9,40,0.9917355371900827,0.0743801652892562,0.3305785123966942,11,266.734014,2024-09-01 13:00:02+00:00,2024-09-01 14:59:02+00:00,prices-history,6,True
9590,2024,Monza,2024-09-01,Carlos Sainz,0x2476c900c3a7448586c4b4e1652852718aafbd92037748708acc60ad76b7de80,75627894015654317282426482025303775389219416086578960253996659103121871172791,722.51,False,121,120,4,24,0.9917355371900827,0.03305785123966942,0.19834710743801653,6,113.51313999999999,2024-09-01 13:00:02+00:00,2024-09-01 14:59:02+00:00,prices-history,7,False
9590,2024,Monza,2024-09-01,Sergio Perez,0xe2ca13ff2e111d5aba45d312ba6bc3d503c317400b79ce69c5edb1f283f148aa,101273307776306095786877871180606577925824890196654150730064406340369874960100,511.47,False,121,120,1,6,0.9917355371900827,0.008264462809917356,0.049586776859504134,1,300.0,2024-09-01 13:00:02+00:00,2024-09-01 14:59:02+00:00,prices-history,8,False
9598,2024,Baku,2024-09-15,Lando Norris,0x29bdf54d14e9ec1b2777ef02b4ff0180edf9a27b303a2099adf5f47890a45111,34835279202728065788723404592319593899498801847177577892885767393887594386327,44548.830426,True,121,120,18,65,0.9917355371900827,0.1487603305785124,0.5371900826446281,22,4721.870575999999,2024-09-15 11:00:02+00:00,2024-09-15 12:59:02+00:00,prices-history,1,True
9598,2024,Baku,2024-09-15,Oscar Piastri,0x338cfb50128d1b8d2da0527d04e74e6a7ad127c95b7c5e1ca0f694fb38e31f80,40736180312099104469201687872781109891896131133709598626723863136422219254754,42093.458771,True,121,120,53,109,0.9917355371900827,0.4380165289256198,0.9008264462809917,80,14941.520760000001,2024-09-15 11:00:02+00:00,2024-09-15 12:59:02+00:00,prices-history,2,True
9598,2024,Baku,2024-09-15,Charles Leclerc,0xb386cfbbd9cf4e419bdb3674af8c4781d615491ff8005885231be83fefa11aca,87143368748428113601896476534272822793377011888789241250980735656357493826147,28969.269937,True,121,120,36,87,0.9917355371900827,0.2975206611570248,0.71900826446281,54,7193.151787000001,2024-09-15 11:00:02+00:00,2024-09-15 12:59:02+00:00,prices-history,3,True
9598,2024,Baku,2024-09-15,Lewis Hamilton,0x664ea3af3aea2018880ea3ac01252a5bd1a6dfbb408b096ed459872e447320fa,10160015827814895488804413578539773008086619955969276009295435908273833165310,20023.841595,True,121,120,1,6,0.9917355371900827,0.008264462809917356,0.049586776859504134,1,10000.0,2024-09-15 11:00:02+00:00,2024-09-15 12:59:02+00:00,prices-history,4,True
9598,2024,Baku,2024-09-15,Max Verstappen,0xc5996f9b3f743c440ed683ba4d8ee08a0218962df53be2af55bd40f96c69e825,100661589112526824802303864240669958859972115709425020321962069142291736901460,14728.208745,True,121,120,6,28,0.9917355371900827,0.049586776859504134,0.23140495867768596,6,215.823393,2024-09-15 11:00:02+00:00,2024-09-15 12:59:02+00:00,prices-history,5,True
9598,2024,Baku,2024-09-15,Sergio Perez,0xd719c16f8e5ceea10d802cda85614fcff20e621ffdaca1ee5ce22106fc544f92,66418141286682480920328830072750520788972307897669395120996966354423074318270,14209.973877,True,121,120,25,72,0.9917355371900827,0.2066115702479339,0.5950413223140496,31,2516.699439,2024-09-15 11:00:02+00:00,2024-09-15 12:59:02+00:00,prices-history,6,True
9598,2024,Baku,2024-09-15,George Russell,0x860abe3ab40108b1a09819d7375b608b361252669a325cdd0bf0b6505cd2a1d5,6098815893612438665112982217066414151241869705843237431045212204447483083345,8670.371977,True,121,120,1,6,0.9917355371900827,0.008264462809917356,0.049586776859504134,1,280.0,2024-09-15 11:00:02+00:00,2024-09-15 12:59:02+00:00,prices-history,7,False
9598,2024,Baku,2024-09-15,Carlos Sainz,0xb5a87e2a85485cec85d30ff72e8353eb5242cadc2e19093c2d75622e7d4a3667,62575367251645850427701184154163645869072391587603565296834976241210602518005,4375.144576,False,121,120,11,44,0.9917355371900827,0.09090909090909091,0.36363636363636365,13,548.14,2024-09-15 11:00:02+00:00,2024-09-15 12:59:02+00:00,prices-history,8,False
9606,2024,Singapore,2024-09-22,Lando Norris,0x9462d15cc91e1bb685b128d96efc67d5ad2bfcf6fbe66e3d5a1a4216c7b932e3,37332492868600767845667960391228364247388913389547720698639261943636032905953,71186.510155,True,121,120,57,119,0.9917355371900827,0.47107438016528924,0.9834710743801653,74,7880.677352,2024-09-22 12:00:02+00:00,2024-09-22 13:59:02+00:00,prices-history,1,True
9606,2024,Singapore,2024-09-22,Max Verstappen,0xa5f26db1db70bd1d53ab107c12872bfbe930dc38280400e4b59fea24c20650af,63433438096868192258819581790446590373648549942005138420514296905311076463267,33805.025298,True,121,120,21,68,0.9917355371900827,0.17355371900826447,0.5619834710743802,26,3932.641005,2024-09-22 12:00:02+00:00,2024-09-22 13:59:02+00:00,prices-history,2,True
9606,2024,Singapore,2024-09-22,Oscar Piastri,0xd2827f3767400cb33b8ed82e6a3513a7311a24ce52e4fce039636fa280aeba8b,72166652349798401501070578273676609851205087955108349829266895205303439069644,29604.978915,True,121,120,16,58,0.9917355371900827,0.1322314049586777,0.4793388429752066,17,8739.837746,2024-09-22 12:00:02+00:00,2024-09-22 13:59:02+00:00,prices-history,3,True
9606,2024,Singapore,2024-09-22,Charles Leclerc,0xccd21676ac1c4bec1ffb53517cef4eda06d9469d7a409345f20ad92e73035749,2979119412703473784629999334616375980081799797215542160832672906528260324811,24997.4055,True,121,120,6,30,0.9917355371900827,0.049586776859504134,0.24793388429752067,6,6461.0,2024-09-22 12:00:02+00:00,2024-09-22 13:59:02+00:00,prices-history,4,True
9606,2024,Singapore,2024-09-22,Alexander Albon,0x7ff89c2fa630c1b163fca67606a37262187e0021551e7d19cc27c1626e4ee787,46900832294907504535674851003700513709506104760902639306945320263231326833222,20716.042526,True,121,120,2,7,0.9917355371900827,0.01652892561983471,0.05785123966942149,2,279.379377,2024-09-22 12:00:02+00:00,2024-09-22 13:59:02+00:00,prices-history,5,True
9606,2024,Singapore,2024-09-22,Lewis Hamilton,0x6ec7241d69f82c4bef15aef7fed788f5c36d85694a576de999ad09a067f3f497,56959171055924293595331797911686568714261266819971463647916033437684237814111,10443.826377,True,121,120,5,30,0.9917355371900827,0.04132231404958678,0.24793388429752067,6,200.361634,2024-09-22 12:00:02+00:00,2024-09-22 13:59:02+00:00,prices-history,6,True
9606,2024,Singapore,2024-09-22,Sergio Perez,0x0ba563f925964c85ddd8309db4d8f5e193c0379b34465c6bdd92988d9ab5660c,90836660022188270040867313423270178538962076958755285894364206342996639141197,8904.905975,True,121,120,2,12,0.9917355371900827,0.01652892561983471,0.09917355371900827,2,106.420199,2024-09-22 12:00:02+00:00,2024-09-22 13:59:02+00:00,prices-history,7,False
9606,2024,Singapore,2024-09-22,Fernando Alonso,0xbcb415fae3cb3d86bf8a6344276b4ca52ce0f4b666c8848fede1ebc0fb9074ab,47998712978454569436220126104027797239006887794443030238623688722749971797378,4488.350206,False,121,120,4,19,0.9917355371900827,0.03305785123966942,0.15702479338842976,4,1199.988987,2024-09-22 12:00:02+00:00,2024-09-22 13:59:02+00:00,prices-history,8,False
9606,2024,Singapore,2024-09-22,George Russell,0xbe51bd55fe637670cd4e9baaecd7061ae5aa7ed184fba94032dc7e6ad4b89c0f,38275456322468092328740077525691299856241768655332126164283730894488009976821,3800.500786,False,121,120,6,29,0.9917355371900827,0.049586776859504134,0.2396694214876033,6,162.26465,2024-09-22 12:00:02+00:00,2024-09-22 13:59:02+00:00,prices-history,9,False
9606,2024,Singapore,2024-09-22,Carlos Sainz,0x5107a55d323a08369382e5dd6f44dc76c67e8ef1575dc0d66b9329d73531c5fa,75839639643598575771856125304428825956017642203847219137521078849224812035534,3362.660205,False,121,120,1,6,0.9917355371900827,0.008264462809917356,0.049586776859504134,1,131.61,2024-09-22 12:00:02+00:00,2024-09-22 13:59:02+00:00,prices-history,10,False
9617,2024,Austin,2024-10-20,Max Verstappen,0x0f3e90a228049a07f929192a8dd725104b88d5c7da35b1e39c2f0ee41df1bb5d,84139682749240051434610569035354340903245656222400621963603426551065877306984,79337.825201,True,121,120,40,106,0.9917355371900827,0.3305785123966942,0.8760330578512396,53,6497.695715,2024-10-20 19:00:02+00:00,2024-10-20 20:59:02+00:00,prices-history,1,True
9617,2024,Austin,2024-10-20,Lando Norris,0x924147f074d0757971db47a8147a2094580eddad20c49e730b5d5b3a46749199,100162002817383321630414216949594480313000120697401270244593037872928970294378,23103.383747,True,121,120,30,92,0.9917355371900827,0.24793388429752067,0.7603305785123967,37,4068.505431,2024-10-20 19:00:02+00:00,2024-10-20 20:59:02+00:00,prices-history,2,True
9617,2024,Austin,2024-10-20,George Russell,0x2ea545d6b744417f7e93d0abeebaa2405dae0dc4e379dbfb20881553a1ea161f,13897214464290987693684086668130289255837817169060791761877447321366090164349,12002.9748,True,121,120,4,14,0.9917355371900827,0.03305785123966942,0.11570247933884298,5,2999.9849999999997,2024-10-20 19:00:02+00:00,2024-10-20 20:59:02+00:00,prices-history,3,True
9617,2024,Austin,2024-10-20,Oscar Piastri,0x2011c4bdfac0b76d843af3caf903af8253a5be36322d32259db6c17ddeda42b2,4064939820804954380684578247875895998255378286673970656667470903433042606312,10616.439895,True,121,120,5,26,0.9917355371900827,0.04132231404958678,0.21487603305785125,5,927.186665,2024-10-20 19:00:02+00:00,2024-10-20 20:59:02+00:00,prices-history,4,True
9617,2024,Austin,2024-10-20,Charles Leclerc,0x58cf52794fcbc20d542b7f9073f8c7e49069a15c7c4ad44108368017e741edac,92989341496413465184688207642238466347422158531628855830006760951754585310522,8104.512387,True,121,120,44,107,0.9917355371900827,0.36363636363636365,0.8842975206611571,58,2231.954227,2024-10-20 19:00:02+00:00,2024-10-20 20:59:02+00:00,prices-history,5,True
9617,2024,Austin,2024-10-20,Carlos Sainz,0x966ec6654a12917cf0e780b4b0806a5d3eaf99aad0328c7daea3a87114c1e326,93059974636731633693820157641545495790562127489696696142109606624853503506555,4467.889337,False,121,120,9,37,0.9917355371900827,0.0743801652892562,0.30578512396694213,10,1364.329713,2024-10-20 19:00:02+00:00,2024-10-20 20:59:02+00:00,prices-history,6,True
9617,2024,Austin,2024-10-20,Lewis Hamilton,0x04e8b17173a97dff5d6ab4305d3aca11f379795357a40b505d19c95f28f24a50,94581590311963863945907330917419815428174971566037498632000529755010218095291,4427.224774,False,121,120,0,0,0.9917355371900827,0.0,0.0,0,0.0,2024-10-20 19:00:02+00:00,2024-10-20 20:59:02+00:00,prices-history,7,False
9617,2024,Austin,2024-10-20,Sergio Perez,0x5fb29013f0473d3e59b4975cca1fe9ce3c0a43f29a5a8f2faa1ac72cf4de009c,70526403630753173395302502767833966387830543010533187565075606693724857393152,2239.192085,False,121,120,3,18,0.9917355371900827,0.024793388429752067,0.1487603305785124,3,31.639872999999998,2024-10-20 19:00:02+00:00,2024-10-20 20:59:02+00:00,prices-history,8,False
9625,2024,Mexico City,2024-10-27,Lando Norris,0xed16f9f62a2cfed12df0ea37dcb1c84df677b9ef79d0750028cfded27ed515eb,9743850047825574229258533002135695086519417992118716570991378216353409581277,48390.392114,True,121,120,44,97,0.9917355371900827,0.36363636363636365,0.8016528925619835,58,4821.012409000002,2024-10-27 20:00:02+00:00,2024-10-27 21:59:02+00:00,prices-history,1,True
9625,2024,Mexico City,2024-10-27,Max Verstappen,0x104382b636ebdd85f720e1ed740b604759891439bd2e83dbedba3683141b252d,10790406039117975677643182292273413319631035333574587338203743958437043897542,35512.07415,True,121,120,38,67,0.9917355371900827,0.3140495867768595,0.5537190082644629,60,10005.796481,2024-10-27 20:00:02+00:00,2024-10-27 21:59:02+00:00,prices-history,2,True
9625,2024,Mexico City,2024-10-27,Carlos Sainz,0x3fcd022f7cb9d2827406e773911a6a62b1db8014bd3670d931bad29aed0205bc,66467558652987786206506157067628553047294173008826137554436666441416843315402,23859.274309,True,121,120,43,98,0.9917355371900827,0.35537190082644626,0.8099173553719008,60,5919.923489999999,2024-10-27 20:00:02+00:00,2024-10-27 21:59:02+00:00,prices-history,3,True
9625,2024,Mexico City,2024-10-27,Charles Leclerc,0x9656266701609c4bd4ce21e4fde24ebeffb263eb8ce3180688766d58e99cafcd,63772649095428510970624717695415036133847048033046744047350287184399012507456,20011.43714,True,121,120,25,70,0.9917355371900827,0.2066115702479339,0.5785123966942148,44,3554.294241,2024-10-27 20:00:02+00:00,2024-10-27 21:59:02+00:00,prices-history,4,True
9625,2024,Mexico City,2024-10-27,Lewis Hamilton,0x52544873d490114fecb1c0cd2aba29e4ac8c019007ef9dcd3a3dacbac517ff9d,42637550085163076652120497883885629382063499294172703209822063160960541075654,13256.138261,True,121,120,0,0,0.9917355371900827,0.0,0.0,0,0.0,2024-10-27 20:00:02+00:00,2024-10-27 21:59:02+00:00,prices-history,5,True
9625,2024,Mexico City,2024-10-27,Oscar Piastri,0xe7042b559dbb7a3c394e6d51f3f6cd285b1e096fb618cff3e08d9b0a34c12fb5,113809891887732640642346969463165407427860677450524153681927763064651744490298,10331.718586,True,121,120,6,33,0.9917355371900827,0.049586776859504134,0.2727272727272727,6,77.49000000000001,2024-10-27 20:00:02+00:00,2024-10-27 21:59:02+00:00,prices-history,6,True
9625,2024,Mexico City,2024-10-27,George Russell,0x7e3b7a9f80204d0db2dfa6a9b328983c42b845074d1bf337aed95f5084ef8054,45293931636467423284304291935172842944741714669466182775512229820429146821715,8428.944882,True,121,120,4,20,0.9917355371900827,0.03305785123966942,0.1652892561983471,4,638.9427260000001,2024-10-27 20:00:02+00:00,2024-10-27 21:59:02+00:00,prices-history,7,False
9625,2024,Mexico City,2024-10-27,Sergio Perez,0x7c149fbe36935f7b9ba96f8f50f6153e0f9e24b716954314f8db9553dc17feb1,51807421861301561521274509648837608142781391792508254412416470498600121519488,7807.597886,True,121,120,2,12,0.9917355371900827,0.01652892561983471,0.09917355371900827,2,10.0,2024-10-27 20:00:02+00:00,2024-10-27 21:59:02+00:00,prices-history,8,False
9636,2024,Interlagos,2024-11-03,Max Verstappen,0x0d919caddc3acdef4a2bf0f0300c2d05e21ada3e26d426b9cfd4c0676d802807,67731417516481932008148928416633853971287804966247251130719765456249449861192,83735.799081,True,121,120,86,120,0.9917355371900827,0.7107438016528925,0.9917355371900827,210,23232.616384,2024-11-03 15:30:03+00:00,2024-11-03 17:29:02+00:00,prices-history,1,True
9636,2024,Interlagos,2024-11-03,Lando Norris,0x3c4d9e3264298d608794285ad360e0874f0eb08facb90ad653f3f8228cac1700,36668435623290676759110566353175851450735442760949977858720624253033470066244,49079.793419,True,121,120,73,117,0.9917355371900827,0.6033057851239669,0.9669421487603306,158,11142.03397,2024-11-03 15:30:03+00:00,2024-11-03 17:29:02+00:00,prices-history,2,True
9636,2024,Interlagos,2024-11-03,Sergio Perez,0x8da84fddaa700e09545ddb9a4b4af8760701bf4e752fbda4c3b25e73ff5d4ced,19449429304997934641720510261137098298150779042689055023030474135822068433122,21910.242651,True,121,120,19,68,0.9917355371900827,0.15702479338842976,0.5619834710743802,26,4224.142143,2024-11-03 15:30:03+00:00,2024-11-03 17:29:02+00:00,prices-history,3,True
9636,2024,Interlagos,2024-11-03,George Russell,0x9ae7b0125531d32b61c9f8ea0e03a6323be12a534787425924e5cf198d7949d1,43589459369044836498030511955480496760846008802461033969677835437931514141582,21422.226169,True,121,120,47,111,0.9917355371900827,0.3884297520661157,0.9173553719008265,89,4525.418847,2024-11-03 15:30:03+00:00,2024-11-03 17:29:02+00:00,prices-history,4,True
9636,2024,Interlagos,2024-11-03,Charles Leclerc,0x683f40d5a900755748eec349227b816b116306ee807b7e99588a704973c7a36d,72325847476518080114617528218446811879565805515747792365902202681923806795211,17051.79704,True,121,120,42,109,0.9917355371900827,0.34710743801652894,0.9008264462809917,64,4163.100122,2024-11-03 15:30:03+00:00,2024-11-03 17:29:02+00:00,prices-history,5,True
9636,2024,Interlagos,2024-11-03,Lewis Hamilton,0xc63c07d871df7e8cc9a47ce6b339072c9f4c29934ae30217cd52157ba469bd51,101851537378535281812568463167630792409417973493407883566140402387481552709373,14790.970695,True,121,120,23,83,0.9917355371900827,0.19008264462809918,0.6859504132231405,30,3292.5446440000005,2024-11-03 15:30:03+00:00,2024-11-03 17:29:02+00:00,prices-history,6,True
9636,2024,Interlagos,2024-11-03,Oscar Piastri,0xb756291f0a417f4455272ea827a76f0e32363b64da538237b33eab9786999924,67502953979382304347537603416444087260879181668357392913375718396983789137038,11425.89174,True,121,120,28,78,0.9917355371900827,0.23140495867768596,0.6446280991735537,36,1568.2306,2024-11-03 15:30:03+00:00,2024-11-03 17:29:02+00:00,prices-history,7,False
9636,2024,Interlagos,2024-11-03,Carlos Sainz,0xb98b13e59e84b1110c9b737e7b7b798c2f0aec1c762b9f4dce75a602ba8b23ed,106106058232136602220304110139341674880699013694919464286423179754915281007474,10603.208802,True,121,120,8,44,0.9917355371900827,0.06611570247933884,0.36363636363636365,10,1575.127893,2024-11-03 15:30:03+00:00,2024-11-03 17:29:02+00:00,prices-history,8,False
9644,2024,Las Vegas,2024-11-24,George Russell,0x5ccf50feb4af6568fad8854bd540d47aad6810ab1ced9034ab62caddf3e36130,81677752413313445302780704487982231801962605456713880954648469333237513725072,150392.177104,True,120,120,75,117,1.0,0.625,0.975,139,63102.305934,2024-11-24 06:00:03+00:00,2024-11-24 07:59:03+00:00,prices-history,1,True
9644,2024,Las Vegas,2024-11-24,Max Verstappen,0xe5dbb6dbb65688c54459c30ad65f3d2991537bf5f67518362659b813aa350bfa,54917545178625095221204555686165633809355070821303628205781089663344095910447,135882.455577,True,120,120,51,91,1.0,0.425,0.7583333333333333,130,15458.72422,2024-11-24 06:00:03+00:00,2024-11-24 07:59:03+00:00,prices-history,2,True
9644,2024,Las Vegas,2024-11-24,Lewis Hamilton,0x62b80e9d9f4b690f50d6e0d42bb15bb3fc0ab7d20aa442f0cdd56215284d2917,70382662511152151841109756466983447139575978981298536094722032602414859242743,73255.517371,True,120,120,55,97,1.0,0.4583333333333333,0.8083333333333333,120,16847.745558000002,2024-11-24 06:00:03+00:00,2024-11-24 07:59:03+00:00,prices-history,3,True
9644,2024,Las Vegas,2024-11-24,Sergio Perez,0x242ccd9cff043fd74dbd7f1c23fc428cf48a48c58efe5ab40eb0667bb9f320ef,113010914288105382666759231073913379787927749541269417679120470268641292487754,69962.038151,True,120,120,25,64,1.0,0.20833333333333334,0.5333333333333333,42,4791.791477000001,2024-11-24 06:00:03+00:00,2024-11-24 07:59:03+00:00,prices-history,4,True
9644,2024,Las Vegas,2024-11-24,Charles Leclerc,0x478f5fe12c7db0511bfa228df51ff5e9e2c743b7c92c81448359395da6a6ed04,24599072545542425411156020416273193794796689210127623866473527696336219147555,55262.994416,True,120,120,51,98,1.0,0.425,0.8166666666666667,100,12644.803522,2024-11-24 06:00:03+00:00,2024-11-24 07:59:03+00:00,prices-history,5,True
9644,2024,Las Vegas,2024-11-24,Lando Norris,0x8d3fc318619d9e7fc5dd0d1e70f6209624e56c619370e4b32ee3db547ee75659,8667222984735042568338521046329862988437897088043397914378960512798638888575,52532.343984,True,120,120,33,83,1.0,0.275,0.6916666666666667,55,8736.055216,2024-11-24 06:00:03+00:00,2024-11-24 07:59:03+00:00,prices-history,6,True
9644,2024,Las Vegas,2024-11-24,Carlos Sainz,0xdf5cc2eb95f2eba6120c62fefc04871963d80f4aa3503835dded794e3ccdb5b8,112284799579440068849168150124311394932446106441266098651227186128433791507875,49219.275127,True,120,120,47,88,1.0,0.39166666666666666,0.7333333333333333,85,6155.676244,2024-11-24 06:00:03+00:00,2024-11-24 07:59:03+00:00,prices-history,7,False
9644,2024,Las Vegas,2024-11-24,Oscar Piastri,0x1b53e0201f25416434bb6e3791f571aeb86e2ed70c5c9d6b5d6919bc957cff51,101195798989827485550780908082307309700721436517765316085726090215063136193896,41389.279151,True,120,120,33,85,1.0,0.275,0.7083333333333334,57,5376.887521000001,2024-11-24 06:00:03+00:00,2024-11-24 07:59:03+00:00,prices-history,8,False
9655,2024,Lusail,2024-12-01,Max Verstappen,0x2a655d05d82bbe2424f0f4df3446a7962542d67fbc98cf6adef37fffc1fcf557,25509302456986007897000020389924745034164452605958576338461189694971439654190,342697.886009,True,121,120,97,117,0.9917355371900827,0.8016528925619835,0.9669421487603306,251,86779.14197699999,2024-12-01 16:00:03+00:00,2024-12-01 17:59:02+00:00,prices-history,1,True
9655,2024,Lusail,2024-12-01,Lando Norris,0x06dbb4af8bb017b03f9433937a2391be9d8432b083022ae6e2ffeb13e28433ec,68968450938403240310853790384757370164358304190879089047555477036440911933364,52887.100084,True,121,120,64,113,0.9917355371900827,0.5289256198347108,0.9338842975206612,152,12547.488975,2024-12-01 16:00:03+00:00,2024-12-01 17:59:02+00:00,prices-history,2,True
9655,2024,Lusail,2024-12-01,George Russell,0x5e75eef5731507d42815c99382675eefc96c82a05f802e1f8b32254dbb2c8c8d,114989989721208770255919936337211585074829530148979365070943917482210102737570,52540.433398,True,121,120,56,107,0.9917355371900827,0.4628099173553719,0.8842975206611571,103,13513.353736000001,2024-12-01 16:00:03+00:00,2024-12-01 17:59:02+00:00,prices-history,3,True
9655,2024,Lusail,2024-12-01,Charles Leclerc,0xe8676bcc7f4343ea06ea5733ae250a46fbfb64a951406f0728c4cee1d33c34a0,23449455663736320096729163397368349206856732252298589806564242978231138988063,41414.405532,True,121,120,43,92,0.9917355371900827,0.35537190082644626,0.7603305785123967,67,9147.345554,2024-12-01 16:00:03+00:00,2024-12-01 17:59:02+00:00,prices-history,4,True
9655,2024,Lusail,2024-12-01,Carlos Sainz,0xc1392de4c30f32f1da9ee09b3c42eba3706a331111c9a06ee09ae8d486252a50,44365481428597228420023100661919888919751960097933620002611693651138685384258,29679.302282,True,121,120,10,46,0.9917355371900827,0.08264462809917356,0.38016528925619836,15,2316.875,2024-12-01 16:00:03+00:00,2024-12-01 17:59:02+00:00,prices-history,5,True
9655,2024,Lusail,2024-12-01,Sergio Perez,0x68d616fee31ec7740a301dd044ca07b09a54a95d89070f453290ef32b15a554d,25086559189678924572577499869282356135502123920351319423218278516716922362421,24214.213572,True,121,120,13,37,0.9917355371900827,0.10743801652892562,0.30578512396694213,24,2756.26,2024-12-01 16:00:03+00:00,2024-12-01 17:59:02+00:00,prices-history,6,True
9655,2024,Lusail,2024-12-01,Oscar Piastri,0x615b15dd4f324931b241a4761a8549ec22cd0379c417c0387c4844c4907c5bbe,11840791695145812971834683222743438535417389998098427964566844986526224793724,23806.534252,True,121,120,48,114,0.9917355371900827,0.39669421487603307,0.9421487603305785,76,5690.565678,2024-12-01 16:00:03+00:00,2024-12-01 17:59:02+00:00,prices-history,7,False
9655,2024,Lusail,2024-12-01,Lewis Hamilton,0x6d190b4f56ad4ff780f5f687fd8e9814c175f4a1906fa9949e3587048fafbd20,66073024188556103936433608885334620116180277223350687466823696017199545017701,18180.252008,True,121,120,16,59,0.9917355371900827,0.1322314049586777,0.48760330578512395,18,1365.871,2024-12-01 16:00:03+00:00,2024-12-01 17:59:02+00:00,prices-history,8,False
9662,2024,Yas Marina Circuit,2024-12-08,Sergio Perez,0x962157bd01255975d2eca2a9d90826b45777a7517af528baf0d6a8393905c5f3,102673407207522089537660446437459557539956041868443858284141378253378944101455,88897.840263,True,121,120,8,20,0.9917355371900827,0.06611570247933884,0.1652892561983471,16,5394.4,2024-12-08 13:00:03+00:00,2024-12-08 14:59:03+00:00,prices-history,1,True
9662,2024,Yas Marina Circuit,2024-12-08,Max Verstappen,0x90796741c4072105a0ba71083110776419180a39dcc68b0e67e43502d6020a5b,59275917530464443833941721839254036036624667005882023626036835697929887512593,83495.918474,True,121,120,43,96,0.9917355371900827,0.35537190082644626,0.7933884297520661,90,16749.105738000002,2024-12-08 13:00:03+00:00,2024-12-08 14:59:03+00:00,prices-history,2,True
9662,2024,Yas Marina Circuit,2024-12-08,Lando Norris,0xea5d3925e3d39ca3c31a5fe4d56c9f7b6a13261f54701181fd9eb3d1123b2a40,74536184408708062160043567474799399535484875731316739761081628010357339305153,57748.712426,True,121,120,65,115,0.9917355371900827,0.5371900826446281,0.9504132231404959,125,10480.915665,2024-12-08 13:00:03+00:00,2024-12-08 14:59:03+00:00,prices-history,3,True
9662,2024,Yas Marina Circuit,2024-12-08,Charles Leclerc,0x2a6ac848bec49ba3d4d7d87b7e532cb01ae0cb1a506c7b1bc37fffa5a2159451,65619253831676066431189096367847433607430687485727563980370955662289781155759,44814.912913,True,121,120,27,73,0.9917355371900827,0.2231404958677686,0.6033057851239669,53,4322.924515,2024-12-08 13:00:03+00:00,2024-12-08 14:59:03+00:00,prices-history,4,True
9662,2024,Yas Marina Circuit,2024-12-08,Carlos Sainz,0xeffd463bed06b25c8b65e5afa3301253b7aa44f0194a78323382cabb13949a47,11508049840386747172057429033918395227454088824848788051590887142254086610200,31768.069853,True,121,120,47,97,0.9917355371900827,0.3884297520661157,0.8016528925619835,99,12994.331653000001,2024-12-08 13:00:03+00:00,2024-12-08 14:59:03+00:00,prices-history,5,True
9662,2024,Yas Marina Circuit,2024-12-08,George Russell,0x0b7c231b580d017bfb54a65ba623c666022502888fe4922911af756b019094eb,16547750283785185446732827594128897712677235185626252157531568562604720882448,25665.594361,True,121,120,25,68,0.9917355371900827,0.2066115702479339,0.5619834710743802,61,12603.705074,2024-12-08 13:00:03+00:00,2024-12-08 14:59:03+00:00,prices-history,6,True
9662,2024,Yas Marina Circuit,2024-12-08,Lewis Hamilton,0xc8bac6558ade59b1cfb36962b47eed4e724ea46899c480c045defe750722f746,19498685430014992005173211285532878550210496450962190302778605210862182019252,18644.102688,True,121,120,17,54,0.9917355371900827,0.14049586776859505,0.4462809917355372,34,3064.120075,2024-12-08 13:00:03+00:00,2024-12-08 14:59:03+00:00,prices-history,7,False
9662,2024,Yas Marina Circuit,2024-12-08,Oscar Piastri,0x26020883e34bf8763904e23469d76153408cdd232621325a7236c5a59877a0ad,28066003023313477148580784509178889173981234494692065010916539339484564262532,17430.868562,True,121,120,11,39,0.9917355371900827,0.09090909090909091,0.32231404958677684,21,2464.135333,2024-12-08 13:00:03+00:00,2024-12-08 14:59:03+00:00,prices-history,8,False
9693,2025,Melbourne,2025-03-16,Gabriel Bortoleto,0x10c8a5a6b065743e2f9d55b0e29c8a20050910fa7c11b8764f305c2f4dc6f04c,73354047500649774952740609035889174270343795283600313080682703457764286707810,337400.307165,True,121,120,1,6,0.9917355371900827,0.008264462809917356,0.049586776859504134,1,10.0,2025-03-16 04:00:05+00:00,2025-03-16 05:59:04+00:00,prices-history,1,True
9693,2025,Melbourne,2025-03-16,Lando Norris,0xfded8af2c2dde99ddd79ddad9a6225e065fb8f684a18bb4072ff32edd4f1703b,85535870469346024825569159905250437451563501375080448066066696677851277860336,188327.717643,True,121,120,100,121,0.9917355371900827,0.8264462809917356,1.0,567,77884.69141999999,2025-03-16 04:00:05+00:00,2025-03-16 05:59:04+00:00,prices-history,2,True
9693,2025,Melbourne,2025-03-16,Max Verstappen,0xd661c5fc2ed48bac084d4232816c244ceb2b6f8c21ff012bf5a6c2da66c702a3,23407566519001346706053615594567866612766577644134947722059418701943620269526,130524.410222,True,121,120,104,121,0.9917355371900827,0.859504132231405,1.0,456,59423.739923999994,2025-03-16 04:00:05+00:00,2025-03-16 05:59:04+00:00,prices-history,3,True
9693,2025,Melbourne,2025-03-16,Oscar Piastri,0x1c7996eb20b89cd13a8a614f493898221db1801f2b9768faffa42c3104e7cbbc,51941460189298671030624378864873361466849266065684523878027486150786981148624,76902.497439,True,121,120,76,104,0.9917355371900827,0.628099173553719,0.859504132231405,263,20794.289686999997,2025-03-16 04:00:05+00:00,2025-03-16 05:59:04+00:00,prices-history,4,True
9693,2025,Melbourne,2025-03-16,Nico Hülkenberg,0xdbaa9982811d9cf3ab65b6303fbcda21a413129802d9731f51d35207d98d3ce3,41999135810103991784255781936631028027771768737794866531473971825243236588769,62021.134666,True,121,120,1,6,0.9917355371900827,0.008264462809917356,0.049586776859504134,1,10.0,2025-03-16 04:00:05+00:00,2025-03-16 05:59:04+00:00,prices-history,5,True
9693,2025,Melbourne,2025-03-16,Lance Stroll,0x71416a8bed88da453128aefea613983d67842124ee443b7bf8d23d5f046b7362,113103904789172768903388820414008969236622949703561101401699572719969810228517,54123.501899,True,121,120,13,37,0.9917355371900827,0.10743801652892562,0.30578512396694213,25,2819.9125,2025-03-16 04:00:05+00:00,2025-03-16 05:59:04+00:00,prices-history,6,True
9693,2025,Melbourne,2025-03-16,Pierre Gasly,0xcc5a6f6c4416909e7f329d848fc19203ac8b37909e8f1f1acc9aa437477998a4,68997750015863779502074399041201365676038324670633179807209250750352009266408,36740.436663,True,121,120,42,92,0.9917355371900827,0.34710743801652894,0.7603305785123967,97,3984.99611,2025-03-16 04:00:05+00:00,2025-03-16 05:59:04+00:00,prices-history,7,False
9693,2025,Melbourne,2025-03-16,Carlos Sainz Jr.,0x9c74cd6a98d9bd504391800aac806766f64e98695917805dceeaad16cdaceb41,96608664487128910456917873003005556005245230014875836364684863625702295993294,34999.271465,True,121,120,17,35,0.9917355371900827,0.14049586776859505,0.2892561983471074,35,8650.7567,2025-03-16 04:00:05+00:00,2025-03-16 05:59:04+00:00,prices-history,8,False
9693,2025,Melbourne,2025-03-16,Lewis Hamilton,0x19c5172706fdba4351d34d5143c5bae459de24aec8b246de6e64e71d1671dbe0,6483467658966211849683679510408438948004532028589570454991159989894800159138,34138.878157,True,121,120,50,102,0.9917355371900827,0.4132231404958678,0.8429752066115702,99,7193.925996,2025-03-16 04:00:05+00:00,2025-03-16 05:59:04+00:00,prices-history,9,False
9693,2025,Melbourne,2025-03-16,Yuki Tsunoda,0x0b06bfc6e1c932eb2460ebcc70838eb8221c3b81ab52b51085744503d4a3c767,77463576722844986959576455132799531449112056047203798848598161057197036437805,31496.843167,True,121,120,67,118,0.9917355371900827,0.5537190082644629,0.9752066115702479,178,11376.480399,2025-03-16 04:00:05+00:00,2025-03-16 05:59:04+00:00,prices-history,10,False
9693,2025,Melbourne,2025-03-16,Charles Leclerc,0x40caa8bf222c67821467f5ffda11313d9bc312b014deaa21100b31c63c5b7871,87858151886925054356139146897557917811017413660443444329464060219066809505011,28725.787396,True,121,120,59,111,0.9917355371900827,0.48760330578512395,0.9173553719008265,138,5412.0196940000005,2025-03-16 04:00:05+00:00,2025-03-16 05:59:04+00:00,prices-history,11,False
9693,2025,Melbourne,2025-03-16,Alexander Albon,0x96ad30d7ecc38e91dd7399504dffeede0b19904f776c58a82df8c3352b3a8a5e,55761965282125913242893704427385718130147992283023026766761298005188427964633,26689.151872,True,121,120,67,117,0.9917355371900827,0.5537190082644629,0.9669421487603306,181,13260.359182999999,2025-03-16 04:00:05+00:00,2025-03-16 05:59:04+00:00,prices-history,12,False
9693,2025,Melbourne,2025-03-16,Oliver Bearman,0xdcd035d2ab4fafea25bae84e95e6aaa7a0947dbae935a5bd967b32af700ba0e9,34561670514643214876722643910228508114084678589577175301635908166080366449408,25722.290996,True,121,120,8,18,0.9917355371900827,0.06611570247933884,0.1487603305785124,28,7360.184499999999,2025-03-16 04:00:05+00:00,2025-03-16 05:59:04+00:00,prices-history,13,False
9693,2025,Melbourne,2025-03-16,George Russell,0x227917e767dc89389324a9c26fc9402642a2e9991fae4ba50a281983ee8b3353,50897591575591631277184952194347354860557347473682849724173312148401178615858,24051.138948,True,121,120,44,107,0.9917355371900827,0.36363636363636365,0.8842975206611571,95,5117.015461999999,2025-03-16 04:00:05+00:00,2025-03-16 05:59:04+00:00,prices-history,14,False
9693,2025,Melbourne,2025-03-16,Isack Hadjar,0x7c2b42e802104571ef5bee070949a47b59ff979f355c6a060668afe3f68e133c,93035108609323796187098077436490225682934819494528444166956706464973344207902,22771.404415,True,121,120,3,14,0.9917355371900827,0.024793388429752067,0.11570247933884298,3,3258.7,2025-03-16 04:00:05+00:00,2025-03-16 05:59:04+00:00,prices-history,15,False
9693,2025,Melbourne,2025-03-16,Esteban Ocon,0xe68e46564f898634253f74290b66da19f700655eb0a1902c731d882703d08302,46721021625201440565116305160711854558196284354991980581325764379697731774773,18237.305,True,121,120,2,12,0.9917355371900827,0.01652892561983471,0.09917355371900827,2,5612.98,2025-03-16 04:00:05+00:00,2025-03-16 05:59:04+00:00,prices-history,16,False
9693,2025,Melbourne,2025-03-16,Jack Doohan,0x7094cad5ad979e129f15f9ad39d1b70010e83a3af77b58fb614fd20a38804410,2796414424250371472068394098928621624067307585737780992015197561427249097284,17519.174166,True,121,120,1,6,0.9917355371900827,0.008264462809917356,0.049586776859504134,1,10.0,2025-03-16 04:00:05+00:00,2025-03-16 05:59:04+00:00,prices-history,17,False
9693,2025,Melbourne,2025-03-16,Liam Lawson,0xc28238c7e5df0c05b41c78965adff63124fa7c58028134b89952f54359688ec3,97657951814862312978141773643881726637927276648855559782340932476210691000985,16496.523564,True,121,120,36,80,0.9917355371900827,0.2975206611570248,0.6611570247933884,98,4909.859274,2025-03-16 04:00:05+00:00,2025-03-16 05:59:04+00:00,prices-history,18,False
9693,2025,Melbourne,2025-03-16,Fernando Alonso,0x3b159f77eb2be5afaf8eeb8d21bfa7b5a1a68bef50905e9e794e0a0ff8533b3a,40514489706159449412443293679201779112535803947881628280199993515093193042348,14134.416695,True,121,120,2,12,0.9917355371900827,0.01652892561983471,0.09917355371900827,2,20.0,2025-03-16 04:00:05+00:00,2025-03-16 05:59:04+00:00,prices-history,19,False
9693,2025,Melbourne,2025-03-16,Andrea Kimi Antonelli,0x2fbb2dab79452398ef9fbfcc70848c5283fc347228fdf631b120043c240fdcef,115696342938140330133830508424803206617056167951607481789026546048688798069210,11285.733036,True,121,120,25,61,0.9917355371900827,0.2066115702479339,0.5041322314049587,54,1630.775,2025-03-16 04:00:05+00:00,2025-03-16 05:59:04+00:00,prices-history,20,False
9998,2025,Shanghai,2025-03-23,Oscar Piastri,0x685d66e415c5997a8c396c7e5d23749cdb54dfcbf6bf9f286ffa814c4d98b3e7,115495383696282453402473624822504166361226803656452218786753517446505866102733,148717.69951,True,121,120,71,121,0.9917355371900827,0.5867768595041323,1.0,133,48320.942906000004,2025-03-23 07:00:05+00:00,2025-03-23 08:59:05+00:00,prices-history,1,True
9998,2025,Shanghai,2025-03-23,Lewis Hamilton,0x051f7c12a1e325d8c983511d9f813c806bbb065562874bb5bdf2d29a066df48c,33746233842993763078169550247282279438222270140413717176472601810735033130577,45329.221968,True,121,120,40,90,0.9917355371900827,0.3305785123966942,0.743801652892562,83,6824.696370000001,2025-03-23 07:00:05+00:00,2025-03-23 08:59:05+00:00,prices-history,2,True
9998,2025,Shanghai,2025-03-23,Lando Norris,0x22c9043008b48fd78000b7850e071b13e6f4a52de2a0f9991764b59d38c9012f,59459688369836967072023619071974024282126827408398847305959153631095585600259,40965.462745,True,121,120,59,113,0.9917355371900827,0.48760330578512395,0.9338842975206612,122,14841.939299999998,2025-03-23 07:00:05+00:00,2025-03-23 08:59:05+00:00,prices-history,3,True
9998,2025,Shanghai,2025-03-23,Max Verstappen,0xbc576f69e9c3b5fa5c8ca041539065160a6bef352acb35ca178e5a98e3cedf5b,72728973733818221574133188997378501419616271849732226817611947271262838429004,39252.343161,True,121,120,37,82,0.9917355371900827,0.30578512396694213,0.6776859504132231,69,5627.735602999999,2025-03-23 07:00:05+00:00,2025-03-23 08:59:05+00:00,prices-history,4,True
9998,2025,Shanghai,2025-03-23,George Russell,0x397c34bbec48f2b05b82efd1c63653e84777770321ab8ba457b1859c4f13f1fe,41798102988512907969911952811473520845407860010675522904581287752428346196004,30860.790049,True,121,120,34,88,0.9917355371900827,0.2809917355371901,0.7272727272727273,62,3711.1150059999995,2025-03-23 07:00:05+00:00,2025-03-23 08:59:05+00:00,prices-history,5,True
9998,2025,Shanghai,2025-03-23,Charles Leclerc,0xaddbe5e33280fce84e8cccad438d3a7bba9b69c9beb664388767d32f6eb2d3da,71559986900481780130982212095212735204815958543250109734326066520825180130991,21673.18229,True,121,120,29,80,0.9917355371900827,0.2396694214876033,0.6611570247933884,51,3032.129579,2025-03-23 07:00:05+00:00,2025-03-23 08:59:05+00:00,prices-history,6,True
9998,2025,Shanghai,2025-03-23,Pierre Gasly,0x839ae4fd566b4294f271367408e5c446488c404c88436310c5f76eb88ca9aa90,87916241294706107804603272788675002367597023911167103845219924240603585429021,13194.920696,True,121,120,5,15,0.9917355371900827,0.04132231404958678,0.12396694214876033,12,2895.282717,2025-03-23 07:00:05+00:00,2025-03-23 08:59:05+00:00,prices-history,7,False
9998,2025,Shanghai,2025-03-23,Lance Stroll,0xecf7fdaaab0557fd8253844f28310ef472b7e1eed8da8d7bdc60d2b1dd6710ee,64998803483739804687869759528737179937209432246099956616129899481449426419244,12765.812691,True,121,120,5,15,0.9917355371900827,0.04132231404958678,0.12396694214876033,12,2895.282717,2025-03-23 07:00:05+00:00,2025-03-23 08:59:05+00:00,prices-history,8,False
9998,2025,Shanghai,2025-03-23,Nico Hulkenberg,0x09e295d733344d29143ed7f70113e66f08d230232cb57602c8797330f2633e1c,17278822578142958816374219264342915140477480729081790456690530798491389319228,12548.415691,True,121,120,5,15,0.9917355371900827,0.04132231404958678,0.12396694214876033,12,2895.282717,2025-03-23 07:00:05+00:00,2025-03-23 08:59:05+00:00,prices-history,9,False
9998,2025,Shanghai,2025-03-23,Alex Albon,0xf1d640884b9e98c53298ce7eecc27de6c040ef2cf1e8d26a077e7409d888cf73,106716612555435079154069141633577572255169344919216303580131952240996020748571,12071.136011,True,121,120,6,15,0.9917355371900827,0.049586776859504134,0.12396694214876033,13,3304.922717,2025-03-23 07:00:05+00:00,2025-03-23 08:59:05+00:00,prices-history,10,False
9998,2025,Shanghai,2025-03-23,Jack Doohan,0x0d784ba7b9ad8a08438b47e4633189bb431a84b0e04d81ebc3047b1ba1121787,44881978633767004353625849553808577425481733319908784625729749814804603666434,11780.580191,True,121,120,5,15,0.9917355371900827,0.04132231404958678,0.12396694214876033,12,2895.282717,2025-03-23 07:00:05+00:00,2025-03-23 08:59:05+00:00,prices-history,11,False
9998,2025,Shanghai,2025-03-23,Kimi Antonelli,0x9c56361a140e0ecc925a6cc7d0f3d4cab6eb1c5301d21651a651d54298f15d7e,40829602539018889679753852446216642726088987829235347041360241060839164757593,10881.330746,True,121,120,7,18,0.9917355371900827,0.05785123966942149,0.1487603305785124,15,597.100582,2025-03-23 07:00:05+00:00,2025-03-23 08:59:05+00:00,prices-history,12,False
9998,2025,Shanghai,2025-03-23,Yuki Tsunoda,0x90a79db66795dbaf9de71e21a1ffd0aafc01f00de364359b134cec0253acc8c8,88253194834198372096558497388768015081271346784211735357504700799446923894393,7894.425126,True,121,120,1,6,0.9917355371900827,0.008264462809917356,0.049586776859504134,1,654.97,2025-03-23 07:00:05+00:00,2025-03-23 08:59:05+00:00,prices-history,13,False
9998,2025,Shanghai,2025-03-23,Isack Hadjar,0x94692db7fe7395d7fa8432a7e9340becfa59e25dcf29031a945f264a5d168155,3710621511412395367114446363857001864491674522002839627508550553137058119845,7125.3828,True,121,120,3,13,0.9917355371900827,0.024793388429752067,0.10743801652892562,5,1192.8728879999999,2025-03-23 07:00:05+00:00,2025-03-23 08:59:05+00:00,prices-history,14,False
9998,2025,Shanghai,2025-03-23,Carlos Sainz,0xe64fae3a81debd286d020938f47a316dee99479b9e79b9ca88c57f7c42122798,47794805681996204153161139709785639994338706058955820881104790453754370892964,4677.451781,False,121,120,0,0,0.9917355371900827,0.0,0.0,0,0.0,2025-03-23 07:00:05+00:00,2025-03-23 08:59:05+00:00,prices-history,15,False
9998,2025,Shanghai,2025-03-23,Liam Lawson,0xb3c7d24a6b0a8bb1e41b7a5dc74b4d4de9b0718f6ada8a61ac2f01445aadf772,21812459230197903712185613542468406765701406826898876337428750281067732123672,4173.11138,False,121,120,0,0,0.9917355371900827,0.0,0.0,0,0.0,2025-03-23 07:00:05+00:00,2025-03-23 08:59:05+00:00,prices-history,16,False
9998,2025,Shanghai,2025-03-23,Oliver Bearman,0x525fb0ede131038e0c8721e02ab0644a292d3d62f513bce691c8613a9ab75ee1,57219774402196433581079583242442587103958318622097831797077077277178003364017,3840.372782,False,121,120,0,0,0.9917355371900827,0.0,0.0,0,0.0,2025-03-23 07:00:05+00:00,2025-03-23 08:59:05+00:00,prices-history,17,False
9998,2025,Shanghai,2025-03-23,Fernando Alonso,0xb7a939a56516eb6e1d27d957844c53801e65c794484a58744b89ef0a020d1518,111837033286439089663396561032282084689567598173580978424390030953256093764347,3666.534,False,121,120,0,0,0.9917355371900827,0.0,0.0,0,0.0,2025-03-23 07:00:05+00:00,2025-03-23 08:59:05+00:00,prices-history,18,False
9998,2025,Shanghai,2025-03-23,Esteban Ocon,0xac51305526c4d4e3cea7ecb9d8b2e09fc2f55602cc46484016256ba69109c17d,62794440316982396935400684922323025751515866549474352330545750903418107315441,3339.895333,False,121,120,0,0,0.9917355371900827,0.0,0.0,0,0.0,2025-03-23 07:00:05+00:00,2025-03-23 08:59:05+00:00,prices-history,19,False
9998,2025,Shanghai,2025-03-23,Gabriel Bortoleto,0xcac946989eda1f05d1f4fb89f1bb057d82769b5e019e6bef56223cde3a62ee74,19712904795325191782167607278424789222713952601901104535877332055254023766368,3048.7485,False,121,120,2,12,0.9917355371900827,0.01652892561983471,0.09917355371900827,2,238.43,2025-03-23 07:00:05+00:00,2025-03-23 08:59:05+00:00,prices-history,20,False
10006,2025,Suzuka,2025-04-06,Alex Albon,0x0cffd8deef7d85d2e4828460d85057bd566623b8724ef5ec747dcc71862374e3,74337082994509666746470719098420845399322274227795596807061512181795628264361,194075.422554,True,121,120,0,0,0.9917355371900827,0.0,0.0,0,0.0,2025-04-06 05:00:05+00:00,2025-04-06 06:59:05+00:00,prices-history,1,True
10006,2025,Suzuka,2025-04-06,Oliver Bearman,0x0c59c2229a39b5d11b81c565c5930d9af499fc338fd82eef95f81eb39c2ed648,104725195391541796699299958224719101938017328319688789478893955620599835107847,167399.0985,True,121,120,0,0,0.9917355371900827,0.0,0.0,0,0.0,2025-04-06 05:00:05+00:00,2025-04-06 06:59:05+00:00,prices-history,2,True
10006,2025,Suzuka,2025-04-06,Liam Lawson,0x95a4bfb6c08817a1c714c664a9a082856afc03e4faf7161b02079b049c38766c,110798668866944518599117280337427284040363092155910790263289819822450142717389,143613.392678,True,121,120,1,6,0.9917355371900827,0.008264462809917356,0.049586776859504134,1,100.0,2025-04-06 05:00:05+00:00,2025-04-06 06:59:05+00:00,prices-history,3,True
10006,2025,Suzuka,2025-04-06,Carlos Sainz,0x1d66004b2afa9987b543ca6a4a67f5613dd8caf9aec65adbe41a4b468b195544,12563410249046790371804671157545046420940206344302384628520007262648993006801,121721.196088,True,121,120,1,6,0.9917355371900827,0.008264462809917356,0.049586776859504134,1,100.0,2025-04-06 05:00:05+00:00,2025-04-06 06:59:05+00:00,prices-history,4,True
10006,2025,Suzuka,2025-04-06,Max Verstappen,0x433272590b47d5c59b88ce21989a274f2c22af6ca24fe4de5536ea23d5fa332c,97202969752928049091507228889941211668159695608723130702645377672551996483212,111097.577775,True,121,120,76,110,0.9917355371900827,0.628099173553719,0.9090909090909091,224,45605.196375,2025-04-06 05:00:05+00:00,2025-04-06 06:59:05+00:00,prices-history,5,True
10006,2025,Suzuka,2025-04-06,Gabriel Bortoleto,0xe8381ca01e4612d4d54586d26370b48179ae7650c55b0119c1c2d39e5532929a,57100695169322523314598221876548129568158207614448702064564637020778464041201,108049.085299,True,121,120,0,0,0.9917355371900827,0.0,0.0,0,0.0,2025-04-06 05:00:05+00:00,2025-04-06 06:59:05+00:00,prices-history,6,True
10006,2025,Suzuka,2025-04-06,Lando Norris,0xd545ece45c5ceb0a4b9c343ddb5aa8bf10ec46566687ea963935283a0cb828a2,102074393239180756384089367932499564160468032580961982703172063067689443114475,68859.106241,True,121,120,71,116,0.9917355371900827,0.5867768595041323,0.9586776859504132,193,32891.052653,2025-04-06 05:00:05+00:00,2025-04-06 06:59:05+00:00,prices-history,7,False
10006,2025,Suzuka,2025-04-06,Isack Hadjar,0xe23c3abf7b2eb093780d41fc36e75c7905ecd9e2fb38de1a2b0a72cc0bbd13c1,25521845830087168928545510883284330953595537110383209838281106660292287332310,68348.7255,True,121,120,0,0,0.9917355371900827,0.0,0.0,0,0.0,2025-04-06 05:00:05+00:00,2025-04-06 06:59:05+00:00,prices-history,8,False
10006,2025,Suzuka,2025-04-06,Yuki Tsunoda,0xa26839ffd4f0b10e4adf4b625f1b8c2a816fcfd64391bed6a9123bf9395a0118,13819789029211656256673584361700393021178604363966251713744899394955187369242,59908.15245,True,121,120,2,12,0.9917355371900827,0.01652892561983471,0.09917355371900827,3,255.11434300000002,2025-04-06 05:00:05+00:00,2025-04-06 06:59:05+00:00,prices-history,9,False
10006,2025,Suzuka,2025-04-06,Oscar Piastri,0x180951c94c41e76823ce77f33b3fc722aef3ec018b3fdb7c71ba90c0d8202947,42911548369709403624718849486619555954474919874060863463190355237542169274361,50985.489452,True,121,120,58,103,0.9917355371900827,0.4793388429752066,0.8512396694214877,134,24610.419313,2025-04-06 05:00:05+00:00,2025-04-06 06:59:05+00:00,prices-history,10,False
10006,2025,Suzuka,2025-04-06,Kimi Antonelli,0x7569b23dc3d64ebb032d6e7ed82a6b3a68ef16a7d034277dfb3bc032c5f94dbd,106704413181869945931817379266535927765877122374976283246849214938155979457009,41063.466494,True,121,120,15,50,0.9917355371900827,0.12396694214876033,0.4132231404958678,17,2119.363466,2025-04-06 05:00:05+00:00,2025-04-06 06:59:05+00:00,prices-history,11,False
10006,2025,Suzuka,2025-04-06,Esteban Ocon,0x5f296aee40f1909a968c836a4c6e1945fead0879c508f7222468d025bb0838c8,13918272495555070695613919887645926930011763342582403275574954205229790779767,38875.549487,True,121,120,0,0,0.9917355371900827,0.0,0.0,0,0.0,2025-04-06 05:00:05+00:00,2025-04-06 06:59:05+00:00,prices-history,12,False
10006,2025,Suzuka,2025-04-06,Lance Stroll,0x82e4bee895dce411dd94871d4d04a273be0029145c2fcbb35bb44418d5fa833a,101042685008717209635957370116238218096228737099490607023851702341692808400042,38677.3585,True,121,120,0,0,0.9917355371900827,0.0,0.0,0,0.0,2025-04-06 05:00:05+00:00,2025-04-06 06:59:05+00:00,prices-history,13,False
10006,2025,Suzuka,2025-04-06,Lewis Hamilton,0x4fdd4a2f5f4adcc89c63581a4cd3ae1864d1fad2e8d24c75b13120e3f0dfb2c9,90255636171109646551125195942112675578584910927921828839376841470500307976049,35842.282653,True,121,120,25,65,0.9917355371900827,0.2066115702479339,0.5371900826446281,41,3219.1510609999996,2025-04-06 05:00:05+00:00,2025-04-06 06:59:05+00:00,prices-history,14,False
10006,2025,Suzuka,2025-04-06,Fernando Alonso,0x7b7c01423d483825f68c5ff9999831fdf9d6b6b840b576c6f54c93f538d7aca1,24923295266946067289606976296662844412292886453670525750713811185033459148356,29774.044221,True,121,120,0,0,0.9917355371900827,0.0,0.0,0,0.0,2025-04-06 05:00:05+00:00,2025-04-06 06:59:05+00:00,prices-history,15,False
10006,2025,Suzuka,2025-04-06,George Russel,0x39d9b75adbe97745feafb3a3a9e870eb77f37240dea9ac4b5058de6b21be5baf,18683726548240271160540406052410457580875458999877892070074055516995785995439,29661.711151,True,121,120,11,47,0.9917355371900827,0.09090909090909091,0.3884297520661157,24,2088.413285,2025-04-06 05:00:05+00:00,2025-04-06 06:59:05+00:00,prices-history,16,False
10006,2025,Suzuka,2025-04-06,Charles Leclerc,0x564b03256a3ce953209976aa40c9d8a0c2c1019763ec879c338b77637edf9cd5,98264515845103603714216314924401380508211358556188042631426372541613338440610,22751.927555,True,121,120,23,70,0.9917355371900827,0.19008264462809918,0.5785123966942148,41,2913.0978640000003,2025-04-06 05:00:05+00:00,2025-04-06 06:59:05+00:00,prices-history,17,False
10006,2025,Suzuka,2025-04-06,Pierre Gasly,0x8bdbd51133ca4ce9248e680e4e90cec9039cfb7b8d422ba657ad63683d4a3b6a,57975153383482681449363111840705384027961517555549447991817779341848363010666,21358.955689,True,121,120,0,0,0.9917355371900827,0.0,0.0,0,0.0,2025-04-06 05:00:05+00:00,2025-04-06 06:59:05+00:00,prices-history,18,False
10006,2025,Suzuka,2025-04-06,Jack Doohan,0x086b63af157efef9c45986c3786531e9b36f8a4b16f9ec9b9035a50141d56157,36195842215073943172195921510180979549119908743848610807918790506343368822445,18311.6455,True,121,120,0,0,0.9917355371900827,0.0,0.0,0,0.0,2025-04-06 05:00:05+00:00,2025-04-06 06:59:05+00:00,prices-history,19,False
10006,2025,Suzuka,2025-04-06,Nico Hulkenberg,0x7057e1d68478eca1df65117ac73e5789475ac0be7e674a8fe4667004400c67f9,104065305299751607193595854476697938072143547659483343940759652178427813143727,17477.887,True,121,120,0,0,0.9917355371900827,0.0,0.0,0,0.0,2025-04-06 05:00:05+00:00,2025-04-06 06:59:05+00:00,prices-history,20,False
10014,2025,Sakhir,2025-04-13,Lando Norris,0x340e6afa766aab4ee75969ccad9a8aa18a8237e1ad2615efb19895b21eacf84a,28715666331302787458357740644624585963671234431805691167464264921844418214464,67573.754165,True,121,120,44,105,0.9917355371900827,0.36363636363636365,0.8677685950413223,94,16320.773031,2025-04-13 15:00:07+00:00,2025-04-13 16:59:06+00:00,prices-history,1,True
10014,2025,Sakhir,2025-04-13,Oscar Piastri,0x1605b0c44988d5f9bd05b80ebddbc4d7659e1b4482385a24f81d426a9ed74f89,63484666634091373230475428290811726360743549272914568768301696050193798893630,50332.809643,True,121,120,71,116,0.9917355371900827,0.5867768595041323,0.9586776859504132,172,16679.128660000002,2025-04-13 15:00:07+00:00,2025-04-13 16:59:06+00:00,prices-history,2,True
10014,2025,Sakhir,2025-04-13,Charles Leclerc,0xea13a2de2474b24aee40b6c93933acaacb362770de1cb70004bcf5cdeb1462bf,48311176885355078933448258834679191760493060895450552036574615920248624887033,42282.667242,True,121,120,51,103,0.9917355371900827,0.4214876033057851,0.8512396694214877,104,15443.013461999999,2025-04-13 15:00:07+00:00,2025-04-13 16:59:06+00:00,prices-history,3,True
10014,2025,Sakhir,2025-04-13,Max Verstappen,0x7c990fcfd72138587caa55f2abd7e05909e5e6aab1063e726dea6995b67501b5,9295165247663452725094260188356479936274993393142179162153509863678543108071,41579.549781,True,121,120,32,76,0.9917355371900827,0.2644628099173554,0.628099173553719,48,8168.369950000001,2025-04-13 15:00:07+00:00,2025-04-13 16:59:06+00:00,prices-history,4,True
10014,2025,Sakhir,2025-04-13,George Russell,0xdb81ba8310acd4f6af1b5f57886b34d0cb16b99001f51f9a7a6cafb00d5ace4f,4838021526739253135442614942020212359865902566107032745173578081579892834956,33910.393604,True,121,120,46,96,0.9917355371900827,0.38016528925619836,0.7933884297520661,93,10276.213813,2025-04-13 15:00:07+00:00,2025-04-13 16:59:06+00:00,prices-history,5,True
10014,2025,Sakhir,2025-04-13,Isack Hadjar,0x054aa2078231b6564bb0e65c1c9babebdc64d84f57c3b74e59f5e497c508d87c,41244268718362855320318476574333527842830876776951840637778599333312575218493,32230.507321,True,121,120,0,0,0.9917355371900827,0.0,0.0,0,0.0,2025-04-13 15:00:07+00:00,2025-04-13 16:59:06+00:00,prices-history,6,True
10014,2025,Sakhir,2025-04-13,Nico Hulkenberg,0x2d4ac3b41bd7a5914391a9c20cf5f11de3b0d1b8ee9ccda4be378e595b1e6bee,96636493852778796226648076090048653978437956916207592521838696568436192909588,21451.809,True,121,120,0,0,0.9917355371900827,0.0,0.0,0,0.0,2025-04-13 15:00:07+00:00,2025-04-13 16:59:06+00:00,prices-history,7,False
10014,2025,Sakhir,2025-04-13,Lewis Hamilton,0x1c06dce3d571e1e39dae38823fbebebb1da26fd249d041910499c1ccff27973a,11326731906436455112804669599450933355924154982021356097083082038510005383700,16505.367518,True,121,120,12,47,0.9917355371900827,0.09917355371900827,0.3884297520661157,16,1336.8,2025-04-13 15:00:07+00:00,2025-04-13 16:59:06+00:00,prices-history,8,False
10014,2025,Sakhir,2025-04-13,Kimi Antonelli,0x615d8cc0fb7da28fc8c4506f543e506935f826a72b521a257a262abb1a188665,6080770984859296151968305120480429247335299836862036723613930098701972983846,15177.964228,True,121,120,5,15,0.9917355371900827,0.04132231404958678,0.12396694214876033,7,2110.892,2025-04-13 15:00:07+00:00,2025-04-13 16:59:06+00:00,prices-history,9,False
10014,2025,Sakhir,2025-04-13,Oliver Bearman,0x78f44364b27c59b1262be04e941c661057271ec66d0af33f555db8d42868dc15,58786561138958982073875481837908156227250869614611202348036896352143565062545,13461.62,True,121,120,0,0,0.9917355371900827,0.0,0.0,0,0.0,2025-04-13 15:00:07+00:00,2025-04-13 16:59:06+00:00,prices-history,10,False
10014,2025,Sakhir,2025-04-13,Carlos Sainz,0xc1a304d100d637605541c01b7bb1c6847bcc9bdad030a3874c3f905e6df60ba4,90939804516424287848047578863846983246686420964020996821652295299920994058283,13047.916,True,121,120,0,0,0.9917355371900827,0.0,0.0,0,0.0,2025-04-13 15:00:07+00:00,2025-04-13 16:59:06+00:00,prices-history,11,False
10014,2025,Sakhir,2025-04-13,Alex Albon,0x478feb8be08c092fa620a758338fc3173a502c26649a3eb4bde7ed786d2ad91a,80357195771965785422951276707674416988877550698752877445857004941598308957391,12803.484008,True,121,120,0,0,0.9917355371900827,0.0,0.0,0,0.0,2025-04-13 15:00:07+00:00,2025-04-13 16:59:06+00:00,prices-history,12,False
10014,2025,Sakhir,2025-04-13,Fernando Alonso,0x373abc86b9a6d1250a73a6624680eda8fd6c725ec019cd0e782122ac82ce0f1b,21564871611042147248821492892128376755578864531183281574076882531817706987299,12139.555,True,121,120,0,0,0.9917355371900827,0.0,0.0,0,0.0,2025-04-13 15:00:07+00:00,2025-04-13 16:59:06+00:00,prices-history,13,False
10014,2025,Sakhir,2025-04-13,Lance Stroll,0xe4ba26ec86a9c14d245ea2fb8654f5e2f59f0be957ea642c4b43fc87660b478e,89999298413100349092845647221881762540098713237670960060273356644516494042364,11331.289,True,121,120,0,0,0.9917355371900827,0.0,0.0,0,0.0,2025-04-13 15:00:07+00:00,2025-04-13 16:59:06+00:00,prices-history,14,False
10014,2025,Sakhir,2025-04-13,Esteban Ocon,0x07eb4756c12b3a0ed81d032fdb7824341e01e62d3e16850224b20cf0cc92426f,9329678393330864762967473250404884471009424872329408578902256514625203845036,11078.417,True,121,120,0,0,0.9917355371900827,0.0,0.0,0,0.0,2025-04-13 15:00:07+00:00,2025-04-13 16:59:06+00:00,prices-history,15,False
10014,2025,Sakhir,2025-04-13,Pierre Gasly,0x0a867f131471d9f2d391f61e72c177f61a2171f7378721a6d91d504c530242e5,86789804630889735517012312119603281526694210284959644631759911877715881342068,7975.963755,True,121,120,1,6,0.9917355371900827,0.008264462809917356,0.049586776859504134,1,80.02,2025-04-13 15:00:07+00:00,2025-04-13 16:59:06+00:00,prices-history,16,False
10014,2025,Sakhir,2025-04-13,Yuki Tsunoda,0xc1c7fe05d5b7ec885c9dad90c3c1237cc77f05db54c4d00e10a0a859cd94b07b,106253537496016908922366122815188448892847133571142973635834460852152820416743,4995.6934,False,121,120,1,6,0.9917355371900827,0.008264462809917356,0.049586776859504134,1,200.0,2025-04-13 15:00:07+00:00,2025-04-13 16:59:06+00:00,prices-history,17,False
10014,2025,Sakhir,2025-04-13,Liam Lawson,0x57c0cf8bb7216fe35b1edd9c502e9f86ba0f3a34e628035dff17fdb1368308bf,106047196664262212158417843768474549450995215626540178393289651189097971732943,2039.462,False,121,120,0,0,0.9917355371900827,0.0,0.0,0,0.0,2025-04-13 15:00:07+00:00,2025-04-13 16:59:06+00:00,prices-history,18,False
10014,2025,Sakhir,2025-04-13,Jack Doohan,0xd23ae716ad5f9330f6605a5e10d67066aa4ff08a706155bc7d58075450824a13,31837250812619582470360463150219500682379997886869437865639392990920789886041,1645.862,False,121,120,0,0,0.9917355371900827,0.0,0.0,0,0.0,2025-04-13 15:00:07+00:00,2025-04-13 16:59:06+00:00,prices-history,19,False
10014,2025,Sakhir,2025-04-13,Gabriel Bortoleto,0x08c9417f9916f6d3ed0997bd67fb26038033e4f6e43f68181b8678f5f682b157,5731552550602990785477739899568307635074115851637789448455128045770846151278,1187.525,False,121,120,0,0,0.9917355371900827,0.0,0.0,0,0.0,2025-04-13 15:00:07+00:00,2025-04-13 16:59:06+00:00,prices-history,20,False
10022,2025,Jeddah,2025-04-20,Max Verstappen,0x8dd5dd84edb27801d5971ba5d8960e0822e78e3dc02d15e91094453d81c29f50,7909456866932187309115064581000576530468995707994495089889362756777274821647,129365.535368,True,121,120,83,120,0.9917355371900827,0.6859504132231405,0.9917355371900827,223,57164.07686300001,2025-04-20 17:00:07+00:00,2025-04-20 18:59:06+00:00,prices-history,1,True
10022,2025,Jeddah,2025-04-20,Oscar Piastri,0x70e3580c375fb47fc24e8f1b5b6ebd227e670d66af94eb2197b3f731864aa735,31664116095154960112638383717314488220388600033114996934824794263184708133719,61153.351205,True,121,120,74,118,0.9917355371900827,0.6115702479338843,0.9752066115702479,126,22417.743349,2025-04-20 17:00:07+00:00,2025-04-20 18:59:06+00:00,prices-history,2,True
10022,2025,Jeddah,2025-04-20,Lando Norris,0xec1fe5b18e01973d91da708767898581ab821820eabd4af50ad081ec0a1ed41d,25933693051866540001111816180385724760729492464842222139278301610561190674558,51090.366275,True,121,120,33,74,0.9917355371900827,0.2727272727272727,0.6115702479338843,51,9508.543256,2025-04-20 17:00:07+00:00,2025-04-20 18:59:06+00:00,prices-history,3,True
10022,2025,Jeddah,2025-04-20,George Russell,0x96af90a31bb25397206bd394219aca518f5dd678154f9fe349e245c4066a33c7,53796398222216637292206816255692247744419889047641744094614461496264264627771,24160.026272,True,121,120,14,61,0.9917355371900827,0.11570247933884298,0.5041322314049587,17,1364.915477,2025-04-20 17:00:07+00:00,2025-04-20 18:59:06+00:00,prices-history,4,True
10022,2025,Jeddah,2025-04-20,Charles Leclerc,0x37a648e3bf48710827fcc876fc698eeb721b10d83ebec4b2c46a90cdc303c0e4,30120894940857540479009079644274248269967257122900242836637870884552627945850,21066.4502,True,121,120,24,68,0.9917355371900827,0.19834710743801653,0.5619834710743802,39,1921.3944669999998,2025-04-20 17:00:07+00:00,2025-04-20 18:59:06+00:00,prices-history,5,True
10022,2025,Jeddah,2025-04-20,Lewis Hamilton,0xccc7397b37fc4e1db2ebbc2f12dc747ab0e4075cb8bc61d2ec4df0df49e0e951,96943465039969728944433703674102457679483643499693339389670403274772441487287,11967.651908,True,121,120,0,0,0.9917355371900827,0.0,0.0,0,0.0,2025-04-20 17:00:07+00:00,2025-04-20 18:59:06+00:00,prices-history,6,True
10022,2025,Jeddah,2025-04-20,Andrea Kimi Antonelli,0xd9734e2b9c7b4934c2a15efb5b9437f6e3bfe4e898a00bf2607952681820065b,35670613139589676171474523847287191554585515728280579000750078402490035043010,10024.602777,True,121,120,0,0,0.9917355371900827,0.0,0.0,0,0.0,2025-04-20 17:00:07+00:00,2025-04-20 18:59:06+00:00,prices-history,7,False
10022,2025,Jeddah,2025-04-20,Pierre Gasly,0x8e14a77372b4fe89fe72184f3da19e953432968e066e9803b06ce2de95245a99,51726991802568201717142036222232776000879372226840432072285272485666073934503,2053.239034,False,121,120,0,0,0.9917355371900827,0.0,0.0,0,0.0,2025-04-20 17:00:07+00:00,2025-04-20 18:59:06+00:00,prices-history,8,False
10022,2025,Jeddah,2025-04-20,Isack Hadjar,0x26f7e55e9d36cc4a3a6012a4791e314ba641fa35a72d37f8a3d8e54d34452107,9584117089408520452033352154020297259003841463274694411981554302534801735017,1235.088,False,121,120,0,0,0.9917355371900827,0.0,0.0,0,0.0,2025-04-20 17:00:07+00:00,2025-04-20 18:59:06+00:00,prices-history,9,False
10022,2025,Jeddah,2025-04-20,Jack Doohan,0xacf86278e7aa5b7a5f4f30aa0778d6e457cebf495e154e207cd37522a7dcea5b,61942210537790639444657759489486712124179665905982175626455125943547508615960,701.7405,False,121,120,0,0,0.9917355371900827,0.0,0.0,0,0.0,2025-04-20 17:00:07+00:00,2025-04-20 18:59:06+00:00,prices-history,10,False
10022,2025,Jeddah,2025-04-20,Yuki Tsunoda,0x6f4cf85eecb4717239f0e306a70efce159b7af6cecfe598289998f0522a18d69,89508029847416723799072814265148493843277718501842211548897865702235531827268,657.42257,False,121,120,0,0,0.9917355371900827,0.0,0.0,0,0.0,2025-04-20 17:00:07+00:00,2025-04-20 18:59:06+00:00,prices-history,11,False
10022,2025,Jeddah,2025-04-20,Carlos Sainz Jr.,0xb5eaccbc03c64bacb8c4cef8af13dc75c0eb2aa9b56c248e474a530d1787a768,110503266072160488769603721767882657609857574572406874744734393818713058343067,582.228,False,121,120,0,0,0.9917355371900827,0.0,0.0,0,0.0,2025-04-20 17:00:07+00:00,2025-04-20 18:59:06+00:00,prices-history,12,False
10022,2025,Jeddah,2025-04-20,Nico Hülkenberg,0x7b3935419fa3797efe6a79c6734542d06f278e5001687a9b975632e612fffa19,22869213165136663605124694161588948592281924224441915775956556088392147739431,500.0,False,121,120,0,0,0.9917355371900827,0.0,0.0,0,0.0,2025-04-20 17:00:07+00:00,2025-04-20 18:59:06+00:00,prices-history,13,False
10022,2025,Jeddah,2025-04-20,Liam Lawson,0xeb42258fd2cb60a18087b4269d88772d971469aa68abb4b62f5c1668bf019634,97172127765904122815650220770464479476112908591880507125876689794991321657096,499.5,False,121,120,0,0,0.9917355371900827,0.0,0.0,0,0.0,2025-04-20 17:00:07+00:00,2025-04-20 18:59:06+00:00,prices-history,14,False
10022,2025,Jeddah,2025-04-20,Fernando Alonso,0xc65e5af060c8671097626c75e12db62bf05e4159d8658b4fe3129dfcc63bd6ed,64624804573818758521499444137673313013847182938524495555645781381236448634468,471.491665,False,121,120,0,0,0.9917355371900827,0.0,0.0,0,0.0,2025-04-20 17:00:07+00:00,2025-04-20 18:59:06+00:00,prices-history,15,False
10022,2025,Jeddah,2025-04-20,Gabriel Bortoleto,0xe868bf44966a336ba282be5c35e93fc1b65b3049f38773a44c103cfeed3d6cb2,39489020056885581430409032865030786529020207315502027704651091034667006051002,48.32,False,121,120,0,0,0.9917355371900827,0.0,0.0,0,0.0,2025-04-20 17:00:07+00:00,2025-04-20 18:59:06+00:00,prices-history,16,False
10022,2025,Jeddah,2025-04-20,Esteban Ocon,0xfc175223d61bb12ce4253cb3b41963ce0ebaf5ac2c028b23cba688edbef96c44,8962060308879037098189108696898389985057832458387639359077238974967653044064,36.32,False,121,120,0,0,0.9917355371900827,0.0,0.0,0,0.0,2025-04-20 17:00:07+00:00,2025-04-20 18:59:06+00:00,prices-history,17,False
10022,2025,Jeddah,2025-04-20,Oliver Bearman,0xeff8c4de4cf8efaa6467c177c7781d8b012ce30b08b282ed2c56013e4934d052,36656079637799145490880470421562721645890601282235031290896769713202770482247,36.32,False,121,120,0,0,0.9917355371900827,0.0,0.0,0,0.0,2025-04-20 17:00:07+00:00,2025-04-20 18:59:06+00:00,prices-history,18,False
10022,2025,Jeddah,2025-04-20,Alexander Albon,0x8a24bb570f3a7c85df3125994c8f28bd9a5eab800b3c324bbd14b1aa9123d491,70535038001135774246876698639348888811900334396517301135813613001538870827612,36.32,False,121,120,0,0,0.9917355371900827,0.0,0.0,0,0.0,2025-04-20 17:00:07+00:00,2025-04-20 18:59:06+00:00,prices-history,19,False
10022,2025,Jeddah,2025-04-20,Lance Stroll,0xc032f71a42955aae149677683a38a514709367be030c33f84326164088b14b32,59056841582177097368229019238229847892787935738346146768831542180761828801851,22.0,False,121,120,0,0,0.9917355371900827,0.0,0.0,0,0.0,2025-04-20 17:00:07+00:00,2025-04-20 18:59:06+00:00,prices-history,20,False
10033,2025,Miami,2025-05-04,Oscar Piastri,0x7e405520dd92fac55886ccbb0ea4b7ae054e03089f6c3e93dd64dab3ae355e2c,95608420346670921052035126985037763223713086254277502663810387830127212655404,250281.629086,True,121,120,89,119,0.9917355371900827,0.7355371900826446,0.9834710743801653,296,48738.945535,2025-05-04 20:00:05+00:00,2025-05-04 21:59:04+00:00,prices-history,1,True
10033,2025,Miami,2025-05-04,Lando Norris,0x4fc8988a7c612733950a6a7815514a7eee2945eab78df06b0bdf4b27233df1c3,75261235828146266903543501391830569632811222544840374476474730566307834283515,200114.053272,True,121,120,80,116,0.9917355371900827,0.6611570247933884,0.9586776859504132,214,39777.43256,2025-05-04 20:00:05+00:00,2025-05-04 21:59:04+00:00,prices-history,2,True
10033,2025,Miami,2025-05-04,Max Verstappen,0xfafe2dfd80e87499025811ac1b398f17fd76eb6dc1dfc0b00b2ecbc44551b2ed,42734289217118249210320008871493735815257953976222934819232773225686727655283,106308.63613,True,121,120,72,114,0.9917355371900827,0.5950413223140496,0.9421487603305785,241,38874.28415200001,2025-05-04 20:00:05+00:00,2025-05-04 21:59:04+00:00,prices-history,3,True
10033,2025,Miami,2025-05-04,Andrea Antonelli,0x4d099aa162f22ae0f42e3684544f520b3ab472ce0e27af8c5803efc1b3379dab,109581293301097676319812521087606470300600709264818235440948133187252717918840,48631.139206,True,121,120,33,81,0.9917355371900827,0.2727272727272727,0.6694214876033058,65,6637.589011,2025-05-04 20:00:05+00:00,2025-05-04 21:59:04+00:00,prices-history,4,True
10033,2025,Miami,2025-05-04,George Russell,0x54036e709e7d9f7f23ff86367ffc6e747d852d04f6290a4db3f0b00fa1a124be,96489355037435967807026424525291271713294177950458491054946966003290961302274,39586.451894,True,121,120,34,86,0.9917355371900827,0.2809917355371901,0.7107438016528925,70,7540.926914999999,2025-05-04 20:00:05+00:00,2025-05-04 21:59:04+00:00,prices-history,5,True
10033,2025,Miami,2025-05-04,Charles Leclerc,0x071109e10db555ba2187bfcdbf59ec1e26389ee1b43909618a5ae4e293cdd4df,56622937933721001361171057178799630953530199879561787718418966304139619299965,38455.623266,True,121,120,9,42,0.9917355371900827,0.0743801652892562,0.34710743801652894,11,1269.913845,2025-05-04 20:00:05+00:00,2025-05-04 21:59:04+00:00,prices-history,6,True
10033,2025,Miami,2025-05-04,Lewis Hamilton,0xbce559e9072e9c2895c556f9a9bd384f7fcf8309031f19dade4dabdbbfc2a3c3,89967833251501598529667831381933790154104753300639727563337399826230947534565,35245.894536,True,121,120,19,52,0.9917355371900827,0.15702479338842976,0.4297520661157025,44,4086.6083320000002,2025-05-04 20:00:05+00:00,2025-05-04 21:59:04+00:00,prices-history,7,False
10033,2025,Miami,2025-05-04,Yuki Tsunoda,0x794a6b5473b83b86a2cb635a7d5c86e4e549e4d7ad7e7195dd2e22c845cba1bf,19249685276131094355676141296704099679917664731330898038435381731750533671799,13749.378999,True,121,120,0,0,0.9917355371900827,0.0,0.0,0,0.0,2025-05-04 20:00:05+00:00,2025-05-04 21:59:04+00:00,prices-history,8,False
10033,2025,Miami,2025-05-04,Fernando Alonso,0x15c18396391259caa9ac3daed41424bb0d86211e4ccb3a0cdd8cfe663ec51b91,112175109454938002211601892827224072836798942197321698476346183263896229609130,13607.099898,True,121,120,1,6,0.9917355371900827,0.008264462809917356,0.049586776859504134,1,100.0,2025-05-04 20:00:05+00:00,2025-05-04 21:59:04+00:00,prices-history,9,False
10033,2025,Miami,2025-05-04,Pierre Gasly,0x02fddd7663579720805dd665fafa81d1c7ad9b0d1e378a33c3cc6978f75daeb8,6459884563934115816408799061843404632946406509945933620797387847777743207454,11233.498,True,121,120,0,0,0.9917355371900827,0.0,0.0,0,0.0,2025-05-04 20:00:05+00:00,2025-05-04 21:59:04+00:00,prices-history,10,False
10033,2025,Miami,2025-05-04,Alex Albon,0x3bc53fb6cc08bee0f0bc93429066017430c7aeb1b15eb5d8bff92c999bb94660,78271573520150604117214775131215403866812402805876798327590039286832100376324,7426.169047,True,121,120,1,6,0.9917355371900827,0.008264462809917356,0.049586776859504134,1,17.77,2025-05-04 20:00:05+00:00,2025-05-04 21:59:04+00:00,prices-history,11,False
10033,2025,Miami,2025-05-04,Carlos Sainz Jr.,0x83f5f29391f5e5131eaa678a0cf05e92397659b61fb907ff6a850aba8e47d83d,17660275151813487158272400370382501620475516469723192568385229239527234037929,7336.765481,True,121,120,1,6,0.9917355371900827,0.008264462809917356,0.049586776859504134,1,21.0,2025-05-04 20:00:05+00:00,2025-05-04 21:59:04+00:00,prices-history,12,False
10033,2025,Miami,2025-05-04,Oliver Bearman,0x0a62ea127692870dc626aacd5c47e3f556f9ae6af0671df1b2980827711fafb1,21559229008048976596376849238718967724338147487775120407041840143999544771547,4557.556079,False,121,120,0,0,0.9917355371900827,0.0,0.0,0,0.0,2025-05-04 20:00:05+00:00,2025-05-04 21:59:04+00:00,prices-history,13,False
10033,2025,Miami,2025-05-04,Esteban Ocon,0xb73cb0f5ee9168adf619631c8c4aba9ebf253c4060b7bc5f7210f1a46ebd45cb,101506862288753935139315901308359713109598183644843264192642487550100389931001,3183.883,False,121,120,0,0,0.9917355371900827,0.0,0.0,0,0.0,2025-05-04 20:00:05+00:00,2025-05-04 21:59:04+00:00,prices-history,14,False
10033,2025,Miami,2025-05-04,Lance Stroll,0x5dbaba494ce3f8343b176ba51732725558a1d84970ae3aec8b793ee13d1410f9,105627308865765049958925513712520355969667675947776517678483237454759978353690,2212.095,False,121,120,0,0,0.9917355371900827,0.0,0.0,0,0.0,2025-05-04 20:00:05+00:00,2025-05-04 21:59:04+00:00,prices-history,15,False
10033,2025,Miami,2025-05-04,Isack Hadjar,0xe32c5a51d729679ddf2415bee984ccade413c834a21e641fb26f926e6030979f,320958717079887712569466974475679284361596943895106733582943757522325635540,1241.621,False,121,120,0,0,0.9917355371900827,0.0,0.0,0,0.0,2025-05-04 20:00:05+00:00,2025-05-04 21:59:04+00:00,prices-history,16,False
10033,2025,Miami,2025-05-04,Liam Lawson,0xd8fd3c05951f6b271bd619aadcb3c05f418ef64f5e4a84661bcbc458927796df,18572455967255503140079333812670927682815419467106624324867406711640182578913,1120.865,False,121,120,0,0,0.9917355371900827,0.0,0.0,0,0.0,2025-05-04 20:00:05+00:00,2025-05-04 21:59:04+00:00,prices-history,17,False
10033,2025,Miami,2025-05-04,Nico Hülkenberg,0x7687709c4ba98282c9e0472eca6c37fc42334a4777b877e609e040fd4bc6187c,2263244764957859628423360236007171946290325719646111122202178368260629095274,1093.677,False,121,120,0,0,0.9917355371900827,0.0,0.0,0,0.0,2025-05-04 20:00:05+00:00,2025-05-04 21:59:04+00:00,prices-history,18,False
10033,2025,Miami,2025-05-04,Gabriel Bortoleto,0x3213aef80f3f799178e27b3fba1585fd83fadeb18af40d1c884384741e95db38,52094967049414058730363125570096646696029151857828409286707681985652152105788,1093.408,False,121,120,0,0,0.9917355371900827,0.0,0.0,0,0.0,2025-05-04 20:00:05+00:00,2025-05-04 21:59:04+00:00,prices-history,19,False
10033,2025,Miami,2025-05-04,Jack Doohan,0xd738651c4931ebc941648da30dc1f4827f608e6dc4106f84432895f5b42c561a,34754776610278346354385435525102421336233844823836185440402513302596140194610,999.181,False,121,120,0,0,0.9917355371900827,0.0,0.0,0,0.0,2025-05-04 20:00:05+00:00,2025-05-04 21:59:04+00:00,prices-history,20,False
9987,2025,Imola,2025-05-18,Lando Norris,0xc9e45373e919f77bceed13de0c56fb6162290af3cf5fded5287b6323360dae64,110133392569165351412107259195376661482090826529971268619431165802361098777235,292116.096591,True,121,120,95,120,0.9917355371900827,0.7851239669421488,0.9917355371900827,361,44898.93495,2025-05-18 13:00:06+00:00,2025-05-18 14:59:05+00:00,prices-history,1,True
9987,2025,Imola,2025-05-18,Oscar Piastri,0xeab235a8826b431c8a859476813a0ac78230a12f33d68a5de515f05e25de9641,82032403194789045747490017394449023189870935949290057852539026795743190782526,219363.863314,True,121,120,89,111,0.9917355371900827,0.7355371900826446,0.9173553719008265,458,47110.195656,2025-05-18 13:00:06+00:00,2025-05-18 14:59:05+00:00,prices-history,2,True
9987,2025,Imola,2025-05-18,Max Verstappen,0x01f3670a29306e873387b7431892a1bc2e2e8a207844a2b3a71fd2a45d6777bf,58634109219310969634171230291377865180725825640747177067747402488451080657801,175407.630638,True,121,120,107,121,0.9917355371900827,0.8842975206611571,1.0,606,79841.630894,2025-05-18 13:00:06+00:00,2025-05-18 14:59:05+00:00,prices-history,3,True
9987,2025,Imola,2025-05-18,Carlos Sainz Jr.,0x079f2dd023df19dbcc902e319896e5c47d6d1628067b8bb3bc3948506ad8e39e,78506452495032987578068776325346339375436825040081319160777077143736685756800,50097.548528,True,121,120,42,87,0.9917355371900827,0.34710743801652894,0.71900826446281,123,21949.87997,2025-05-18 13:00:06+00:00,2025-05-18 14:59:05+00:00,prices-history,4,True
9987,2025,Imola,2025-05-18,Charles Leclerc,0x32e32ab5505f38ec7ebd293361a410e622796d132b67db04b236469fb2d56cdd,109988235244550863167061303406576474810535779462223699980723467251359047779914,42561.627962,True,121,120,56,94,0.9917355371900827,0.4628099173553719,0.7768595041322314,154,16996.465161,2025-05-18 13:00:06+00:00,2025-05-18 14:59:05+00:00,prices-history,5,True
9987,2025,Imola,2025-05-18,George Russell,0x181325b8ff62b42b4a3516ee3381dec75a457720365edf942aeed13412390797,58711199481375083414262676909339291449385880779660325177432094076642940832158,34989.523281,True,121,120,22,52,0.9917355371900827,0.18181818181818182,0.4297520661157025,61,6958.508662,2025-05-18 13:00:06+00:00,2025-05-18 14:59:05+00:00,prices-history,6,True
9987,2025,Imola,2025-05-18,Lewis Hamilton,0x54c72bad57e4bbbb7bf13d4a95eee85f707c8ae81802249ddce7c810d4d879d3,33273221553796025864868099033153703660610467243397899315824258819139824589098,30299.264156,True,121,120,20,53,0.9917355371900827,0.1652892561983471,0.4380165289256198,38,5026.357378000001,2025-05-18 13:00:06+00:00,2025-05-18 14:59:05+00:00,prices-history,7,False
9987,2025,Imola,2025-05-18,Andrea Kimi Antonelli,0x15c297014cfd57f0faa32e2fb5f4223add7fb299e2d9d6e7a96d98cd88dc7e1a,97824584904433104499625870139017662324241493774720822081585456940342265218073,27384.838874,True,121,120,16,39,0.9917355371900827,0.1322314049586777,0.32231404958677684,44,3380.3313319999997,2025-05-18 13:00:06+00:00,2025-05-18 14:59:05+00:00,prices-history,8,False
9987,2025,Imola,2025-05-18,Alexander Albon,0xe4e05f0f72239126ad5f06c6b06aa91825a4c3de524fc917e8bab7e48529c279,115118056603707893139030415633473505004374472428667158985028127742226936247332,24880.874798,True,121,120,14,49,0.9917355371900827,0.11570247933884298,0.4049586776859504,20,8278.487500000001,2025-05-18 13:00:06+00:00,2025-05-18 14:59:05+00:00,prices-history,9,False
9987,2025,Imola,2025-05-18,Fernando Alonso,0xa0765b2b5b12f670962b43a6bdb43a0a732a147f0b07fa9be170127e8d3c53e6,64609416111551721069519305746401660551349925730559855827154617017083378014558,20399.831948,True,121,120,14,29,0.9917355371900827,0.11570247933884298,0.2396694214876033,38,2901.9400000000005,2025-05-18 13:00:06+00:00,2025-05-18 14:59:05+00:00,prices-history,10,False
9987,2025,Imola,2025-05-18,Isack Hadjar,0x0618ec41356063ded707520d317497b8428ff368627c95ffd465465d9fcd0491,91997353067787710731790733761941751899445933092650382868092627841285944213365,19725.845777,True,121,120,3,12,0.9917355371900827,0.024793388429752067,0.09917355371900827,3,6191.05,2025-05-18 13:00:06+00:00,2025-05-18 14:59:05+00:00,prices-history,11,False
9987,2025,Imola,2025-05-18,Yuki Tsunoda,0xe4434d11ff9355e8646d55cb3cfeb7fd037ebe4cdd19cb424b22f09e8bf7d9ad,56625857561045998288413398151355688199412223920541597542239560852247102262367,18342.684263,True,121,120,2,11,0.9917355371900827,0.01652892561983471,0.09090909090909091,2,3000.0,2025-05-18 13:00:06+00:00,2025-05-18 14:59:05+00:00,prices-history,12,False
9987,2025,Imola,2025-05-18,Jack Doohan,0xb39ced0e65f12c6a4f03586febe0516db2d35b1bcbc10ebc4a7b3ffee92f3c8f,41900197079506547614563461868136701388807541118708221700641522451015320532880,16877.310333,True,121,120,0,0,0.9917355371900827,0.0,0.0,0,0.0,2025-05-18 13:00:06+00:00,2025-05-18 14:59:05+00:00,prices-history,13,False
9987,2025,Imola,2025-05-18,Lance Stroll,0x497198af2752faf800b05525bc0c4649362e0ccbabf59a80390e8221de8740b4,82457824195260243523266899626731997183362452073195143962082350980765948562165,13526.125805,True,121,120,0,0,0.9917355371900827,0.0,0.0,0,0.0,2025-05-18 13:00:06+00:00,2025-05-18 14:59:05+00:00,prices-history,14,False
9987,2025,Imola,2025-05-18,Pierre Gasly,0x4b937c8b2acd607f2a29853009f2eb784d87cf1cb03767bb82cf93e1b1856b5d,20266086100188285484690361127155503137356974298177795126596912373823604417295,13093.125665,True,121,120,0,0,0.9917355371900827,0.0,0.0,0,0.0,2025-05-18 13:00:06+00:00,2025-05-18 14:59:05+00:00,prices-history,15,False
9987,2025,Imola,2025-05-18,Gabriel Bortoleto,0xadbeaac55b238b42e83a26a94620231b98c4e8d6ee322c6d2bf13b50bb65e043,71042703469761747636571365312687389602688208769538307225596189232651652998758,12137.271944,True,121,120,0,0,0.9917355371900827,0.0,0.0,0,0.0,2025-05-18 13:00:06+00:00,2025-05-18 14:59:05+00:00,prices-history,16,False
9987,2025,Imola,2025-05-18,Nico Hülkenberg,0xd87f986c1031f91e4aba66475e932433d4a6f16a9e28522a8af502b529689866,99099428063057242954618217390678904345686911492578523554695518783916135250204,12050.837055,True,121,120,0,0,0.9917355371900827,0.0,0.0,0,0.0,2025-05-18 13:00:06+00:00,2025-05-18 14:59:05+00:00,prices-history,17,False
9987,2025,Imola,2025-05-18,Esteban Ocon,0x1a9a70964266a7a1dd5bb25750f791bc8d6f9a3be517c6132cfb2c59ab243c5c,44724099571577464016902495735895508779509240173583842133358273081878488679319,11990.84275,True,121,120,0,0,0.9917355371900827,0.0,0.0,0,0.0,2025-05-18 13:00:06+00:00,2025-05-18 14:59:05+00:00,prices-history,18,False
9987,2025,Imola,2025-05-18,Liam Lawson,0x7c9badb730760525d12db92f27812355a1a55883195061dbe3341b06ce6f0176,32967129006546173793714811692191145088472185401621595617632322527534840001975,11987.6105,True,121,120,0,0,0.9917355371900827,0.0,0.0,0,0.0,2025-05-18 13:00:06+00:00,2025-05-18 14:59:05+00:00,prices-history,19,False
9987,2025,Imola,2025-05-18,Oliver Bearman,0xc1b50f61c4d46d9fe5634367921715d3251c17da5eae2234a6c3751d74b2dccd,109325878903584298541668893286133175964150788251496075300754434477038548114519,11585.927666,True,121,120,0,0,0.9917355371900827,0.0,0.0,0,0.0,2025-05-18 13:00:06+00:00,2025-05-18 14:59:05+00:00,prices-history,20,False
9979,2025,Monte Carlo,2025-05-25,Max Verstappen,0xbe6da65a3a9d607e43d44fe3e6abfcfc6984ded13f575bb9ce82c61d4b49e87b,29335721387196087285629458443846026215691716572044285112152893055006987392087,273018.302284,True,121,120,80,109,0.9917355371900827,0.6611570247933884,0.9008264462809917,297,110873.06199300001,2025-05-25 13:00:07+00:00,2025-05-25 14:59:05+00:00,prices-history,1,True
9979,2025,Monte Carlo,2025-05-25,Lando Norris,0xd6d76e9001216ae786a6d9055ea66b945dea8404164149144fe73a7e6b0cfa21,79707539861190566359281983315880910812168388600686468463716418597008406367281,241750.141795,True,121,120,105,121,0.9917355371900827,0.8677685950413223,1.0,327,129411.93522399999,2025-05-25 13:00:07+00:00,2025-05-25 14:59:05+00:00,prices-history,2,True
9979,2025,Monte Carlo,2025-05-25,Charles Leclerc,0x6010dcf920657e24a05c3bc47274972815138a67582f00473d8e4af193605e8d,107313498801922923772985565807960385241609284014561473623589281203285560737070,110584.499565,True,121,120,84,120,0.9917355371900827,0.6942148760330579,0.9917355371900827,221,42538.31067499999,2025-05-25 13:00:07+00:00,2025-05-25 14:59:05+00:00,prices-history,3,True
9979,2025,Monte Carlo,2025-05-25,Oscar Piastri,0xf1ec0d1aed38ed9a3c5c87eccf208e820900317c5fbb3185373bda148c51c2ef,26308538150470097197284013792476430226686518293699902139145496646856634381543,109715.532724,True,121,120,63,113,0.9917355371900827,0.5206611570247934,0.9338842975206612,114,30619.703396,2025-05-25 13:00:07+00:00,2025-05-25 14:59:05+00:00,prices-history,4,True
9979,2025,Monte Carlo,2025-05-25,Lewis Hamilton,0xbc1edee5626b8c92d9c77973406f5a5b6fb2ecbdbb8fa24b639c9b82c36f2b92,55984325732955656580480109815344509005102694260256944943541193230063244447845,73648.321983,True,121,120,25,69,0.9917355371900827,0.2066115702479339,0.5702479338842975,41,14098.616565000002,2025-05-25 13:00:07+00:00,2025-05-25 14:59:05+00:00,prices-history,5,True
9979,2025,Monte Carlo,2025-05-25,Isack Hadjar,0xbbcc928b0d1097fecd318411c4122158cab6e74db7660f8ca5da7bc55f75271d,23428562704009456859158716820343396889379353631228007340957708760751879590396,69094.488507,True,121,120,42,67,0.9917355371900827,0.34710743801652894,0.5537190082644629,84,40396.31476099999,2025-05-25 13:00:07+00:00,2025-05-25 14:59:05+00:00,prices-history,6,True
9979,2025,Monte Carlo,2025-05-25,Yuki Tsunoda,0xd34fdb550ffe16a8ed9813679ee8194ece2e1836ada8449c0b2f45b88c48865f,35513604175835783803245691750560843093595009065685425964479906253848194221561,62277.039064,True,121,120,25,50,0.9917355371900827,0.2066115702479339,0.4132231404958678,41,45018.840785,2025-05-25 13:00:07+00:00,2025-05-25 14:59:05+00:00,prices-history,7,False
9979,2025,Monte Carlo,2025-05-25,George Russell,0x5456fae6aa929aef333cabbd1d66131e9575c4500e2aff8c178c10bd049a8e85,76208760066749058934174027483562264396212506065215068601364309268266042310175,40964.523401,True,121,120,7,35,0.9917355371900827,0.05785123966942149,0.2892561983471074,10,6073.991190000001,2025-05-25 13:00:07+00:00,2025-05-25 14:59:05+00:00,prices-history,8,False
9979,2025,Monte Carlo,2025-05-25,Andrea Antonelli,0x8f85797974f9aa435306dad192ebd2a38bcbdb741c21fb792d7a295461947026,82464248672092482460557253006990974996441722551929222297812819082050677342596,38909.512437,True,121,120,10,35,0.9917355371900827,0.08264462809917356,0.2892561983471074,15,1686.9671400000002,2025-05-25 13:00:07+00:00,2025-05-25 14:59:05+00:00,prices-history,9,False
9979,2025,Monte Carlo,2025-05-25,Fernando Alonso,0x9b3afdfae55290371175b9ffda0067e9fe5065433f0516e0a61cb27fc6f55ec0,55935292105480377322614535819581502495642819960075188473846807340338721809247,38219.253988,True,121,120,5,22,0.9917355371900827,0.04132231404958678,0.18181818181818182,5,1145.500549,2025-05-25 13:00:07+00:00,2025-05-25 14:59:05+00:00,prices-history,10,False
9979,2025,Monte Carlo,2025-05-25,Carlos Sainz Jr.,0x760e0783dc8b7a762449bc2182ab21a9ad8d0912ef16eeae5909a23393b4df73,43757793169408768736113549749186163639866278886455540683506575293956213106566,23624.423218,True,121,120,0,0,0.9917355371900827,0.0,0.0,0,0.0,2025-05-25 13:00:07+00:00,2025-05-25 14:59:05+00:00,prices-history,11,False
9979,2025,Monte Carlo,2025-05-25,Alex Albon,0x0e5ed4bd17b5a4b52f2d0fb157f4feb4fdc258dc11fcd085a1d770a2823ea6f1,14357823076814535625956246924370671137973755865970941388933391078811799089394,17108.819649,True,121,120,0,0,0.9917355371900827,0.0,0.0,0,0.0,2025-05-25 13:00:07+00:00,2025-05-25 14:59:05+00:00,prices-history,12,False
9979,2025,Monte Carlo,2025-05-25,Pierre Gasly,0x3cc86ef5f4086e586120a77b9d6e762b71ba914d493e8beccc85972870e3cc56,77378225710699545952953552048434006187484151706913543898701771773343417814353,14393.84616,True,121,120,6,20,0.9917355371900827,0.049586776859504134,0.1652892561983471,7,1881.4255540000001,2025-05-25 13:00:07+00:00,2025-05-25 14:59:05+00:00,prices-history,13,False
9979,2025,Monte Carlo,2025-05-25,Esteban Ocon,0xee48ce5d3b9920c2d77bc4da677b42fc5c3fd7ff0ef3fa793c62b3013989a2d0,46489582513790386584804487010454947110976849715720775256187986014670346147621,13644.299691,True,121,120,0,0,0.9917355371900827,0.0,0.0,0,0.0,2025-05-25 13:00:07+00:00,2025-05-25 14:59:05+00:00,prices-history,14,False
9979,2025,Monte Carlo,2025-05-25,Oliver Bearman,0xf8bd14ceff162275815a407c7b098a644b401a32f40cb58fa227a3c244c05a0b,24698294475407226555085673690043832310930483269166033866193047912250187552844,12369.909203,True,121,120,8,35,0.9917355371900827,0.06611570247933884,0.2892561983471074,11,6784.741427,2025-05-25 13:00:07+00:00,2025-05-25 14:59:05+00:00,prices-history,15,False
9979,2025,Monte Carlo,2025-05-25,Liam Lawson,0x21065cbed8a63ee2773779ff85340b87f0aaa7ea22e7a299bcfee51d1ab931c2,104757541065373752106929805481114293295498443416299974963187830440467971629936,5604.892,True,121,120,0,0,0.9917355371900827,0.0,0.0,0,0.0,2025-05-25 13:00:07+00:00,2025-05-25 14:59:05+00:00,prices-history,16,False
9979,2025,Monte Carlo,2025-05-25,Nico Hülkenberg,0x01bfd7ebf060e7dc88e8e862da13452e4ea6c5c25e90ee2644fa17f1e0dc2c55,106917128897455716890373771405775705896850510866796696730975017112511917619824,5378.455,True,121,120,1,6,0.9917355371900827,0.008264462809917356,0.049586776859504134,1,1000.0,2025-05-25 13:00:07+00:00,2025-05-25 14:59:05+00:00,prices-history,17,False
9979,2025,Monte Carlo,2025-05-25,Lance Stroll,0xd9f6952b6e1cf13f026aef22b0f75d56cb7ba3023ba3415b73cd7773c3c773c7,99247422636836981246022106014726450324900945803763933752084343735055189628728,4662.485,False,121,120,0,0,0.9917355371900827,0.0,0.0,0,0.0,2025-05-25 13:00:07+00:00,2025-05-25 14:59:05+00:00,prices-history,18,False
9979,2025,Monte Carlo,2025-05-25,Jack Doohan,0xecbe56742c09c1b47153166ff4e7211c42592fe02d6773e5c35ed86c2edf2f95,73944671937544886206322756919936562520886741453046988132545106420285875604522,2609.57,False,121,120,0,0,0.9917355371900827,0.0,0.0,0,0.0,2025-05-25 13:00:07+00:00,2025-05-25 14:59:05+00:00,prices-history,19,False
9979,2025,Monte Carlo,2025-05-25,Gabriel Bortoleto,0x4ef061053aeac8cf178996b79f4d8482412e293f400930503562bacfd6507576,47382406846114987400388168127020417752294749434010283556347359663375550435594,2609.57,False,121,120,0,0,0.9917355371900827,0.0,0.0,0,0.0,2025-05-25 13:00:07+00:00,2025-05-25 14:59:05+00:00,prices-history,20,False
9971,2025,Catalunya,2025-06-01,Max Verstappen,0x98f10401d6e77d1e68e087d9137eacae173cb5899c4c2e408b53604cd4f251fe,107144490548885197299984487668801848649431109576043486603570781993101209546104,273353.845526,True,121,120,93,108,0.9917355371900827,0.768595041322314,0.8925619834710744,431,88536.60778699999,2025-06-01 13:00:06+00:00,2025-06-01 14:59:06+00:00,prices-history,1,True
9971,2025,Catalunya,2025-06-01,Lando Norris,0xc4d2328a86f955b2698bbce69e566525b0ff021139294990b1f94504b4fa3146,39435681289849552074177636182938881486471760829840918389222347428849079522661,266779.723086,True,121,120,83,119,0.9917355371900827,0.6859504132231405,0.9834710743801653,246,25781.868898,2025-06-01 13:00:06+00:00,2025-06-01 14:59:06+00:00,prices-history,2,True
9971,2025,Catalunya,2025-06-01,Oscar Piastri,0x3338ec4b93edd218b1c048fb9d7da3812786446e788c5b867c61ea25a1011106,63525389155915076619970829154974889932077462812329359634781174791732496336865,128043.029077,True,121,120,106,121,0.9917355371900827,0.8760330578512396,1.0,354,51691.092938,2025-06-01 13:00:06+00:00,2025-06-01 14:59:06+00:00,prices-history,3,True
9971,2025,Catalunya,2025-06-01,George Russell,0xb786369b141dcbab5300944b18c69a057168823c4cda669b960eb963876dfa58,41750086703707337884945305539746593833449254479477801061339503331701929886054,49952.245675,True,121,120,13,36,0.9917355371900827,0.10743801652892562,0.2975206611570248,21,1106.5,2025-06-01 13:00:06+00:00,2025-06-01 14:59:06+00:00,prices-history,4,True
9971,2025,Catalunya,2025-06-01,Charles Leclerc,0xd48db157c9f8f1af3adcb7ffc0d7f01740ad9b98ad9e0bdd90bda4b09a66ac5e,104877822290029545154533588719838226297149566087131669518879456439497692965672,49068.97334,True,121,120,25,69,0.9917355371900827,0.2066115702479339,0.5702479338842975,54,6722.646852,2025-06-01 13:00:06+00:00,2025-06-01 14:59:06+00:00,prices-history,5,True
9971,2025,Catalunya,2025-06-01,Lewis Hamilton,0x9b1f097ce51e739bc08ee955193e8ab3a6abab539d5c6ef35ab062b8975c6f4a,110086107352851366981960178421818228593039716174280984906256569314212669612125,36387.175358,True,121,120,11,29,0.9917355371900827,0.09090909090909091,0.2396694214876033,13,968.743609,2025-06-01 13:00:06+00:00,2025-06-01 14:59:06+00:00,prices-history,6,True
9971,2025,Catalunya,2025-06-01,Andrea Antonelli,0x0b3884d9373704b91ec9ee56aaf8cb5f589fe7916fddde9f0138bf36f53a1eb9,65005845416502053141316919835888075939907536276654125238893343544429497597515,29562.693581,True,121,120,3,13,0.9917355371900827,0.024793388429752067,0.10743801652892562,4,1292.35,2025-06-01 13:00:06+00:00,2025-06-01 14:59:06+00:00,prices-history,7,False
9971,2025,Catalunya,2025-06-01,Isack Hadjar,0xaf8f11e005b55f569cb3a2ae121c2b1e9b48a5f951bd34d468b83eeb00ea19fd,105211323476842616792781182223192790582017682187805764217149199093473322873256,17506.049356,True,121,120,0,0,0.9917355371900827,0.0,0.0,0,0.0,2025-06-01 13:00:06+00:00,2025-06-01 14:59:06+00:00,prices-history,8,False
9971,2025,Catalunya,2025-06-01,Fernando Alonso,0xf6436ea5d845c748b8951fad9b3101dc19f3afd98123373850d2deec7a01bfe1,52255954462308650293942569417410146844037436667375663966513632594461167379107,15055.082945,True,121,120,0,0,0.9917355371900827,0.0,0.0,0,0.0,2025-06-01 13:00:06+00:00,2025-06-01 14:59:06+00:00,prices-history,9,False
9971,2025,Catalunya,2025-06-01,Alex Albon,0x062a782180251705edb0a4229226e5a8554168131c35edc103c49d3047453749,98312745059052188696610208823059190761177834190101817888258293778706469262165,12730.417659,True,121,120,0,0,0.9917355371900827,0.0,0.0,0,0.0,2025-06-01 13:00:06+00:00,2025-06-01 14:59:06+00:00,prices-history,10,False
9971,2025,Catalunya,2025-06-01,Carlos Sainz Jr.,0x7d0251331d18a56fbff0d53577c651e82a5962edbe2d3eb93dd004d272f3583b,114765236499672599267648873680747685679383302894205491292720953732837081901514,11512.791829,True,121,120,0,0,0.9917355371900827,0.0,0.0,0,0.0,2025-06-01 13:00:06+00:00,2025-06-01 14:59:06+00:00,prices-history,11,False
9971,2025,Catalunya,2025-06-01,Jack Doohan,0x204121b9088f1ea170bec130da2ddc7cbc12a5a351af29dd45a38dace6d00024,46152768398720810902358283757731026064935853280652093393216769694563762569531,10133.541,True,121,120,0,0,0.9917355371900827,0.0,0.0,0,0.0,2025-06-01 13:00:06+00:00,2025-06-01 14:59:06+00:00,prices-history,12,False
9971,2025,Catalunya,2025-06-01,Pierre Gasly,0xe1e96b33ebca0c9b07526ebb06f2f309f6f5874b4246ffe8e07cc798324064e4,45697752529471969073294197075240990105965789377075215626987884984901432091963,9643.976594,True,121,120,0,0,0.9917355371900827,0.0,0.0,0,0.0,2025-06-01 13:00:06+00:00,2025-06-01 14:59:06+00:00,prices-history,13,False
9971,2025,Catalunya,2025-06-01,Yuki Tsunoda,0xbd660b312d7ff266354e753455f1cca58bbe6568bef2bc4768dc4ee65ba69969,58803120166427608621768407849328728757028771490275956798781680346480005629836,9640.26625,True,121,120,0,0,0.9917355371900827,0.0,0.0,0,0.0,2025-06-01 13:00:06+00:00,2025-06-01 14:59:06+00:00,prices-history,14,False
9971,2025,Catalunya,2025-06-01,Esteban Ocon,0x2677638085e353bef9cf9e6e568980059340ee54a8b1eba61af9f3a97a368474,43330515252641767908604387634971245121990768425398745292719857504028378241333,8037.788333,True,121,120,0,0,0.9917355371900827,0.0,0.0,0,0.0,2025-06-01 13:00:06+00:00,2025-06-01 14:59:06+00:00,prices-history,15,False
9971,2025,Catalunya,2025-06-01,Nico Hülkenberg,0xfc2abb31480bf52713b7925af8d839035177450b12a1ad4fdbc0406c9fa538b7,35448418110006861713648420186189606359011836111821595713898341088863818961523,7059.064,True,121,120,0,0,0.9917355371900827,0.0,0.0,0,0.0,2025-06-01 13:00:06+00:00,2025-06-01 14:59:06+00:00,prices-history,16,False
9971,2025,Catalunya,2025-06-01,Liam Lawson,0xc3412eaaa2e39e17d2e356636abd09556fa8ccd06d986042b831a832eedcc54c,16244256072617627542296568251952740033432736735477709227023825071724114250294,6981.584833,True,121,120,0,0,0.9917355371900827,0.0,0.0,0,0.0,2025-06-01 13:00:06+00:00,2025-06-01 14:59:06+00:00,prices-history,17,False
9971,2025,Catalunya,2025-06-01,Oliver Bearman,0xc16b158bfced186f307e5db5b37e4976d9efc783bb768d2d3aab08026d62203e,36955026676565820417485855202811636469232082022781981286624382273806837499631,6381.096,True,121,120,0,0,0.9917355371900827,0.0,0.0,0,0.0,2025-06-01 13:00:06+00:00,2025-06-01 14:59:06+00:00,prices-history,18,False
9971,2025,Catalunya,2025-06-01,Lance Stroll,0xde9ced915c0c69f211cbf02ea3ef20f63dff7bfe7def08e4b5888f6a6754810a,71616161739522197624996547619898884194471568857586886870829139886731079248063,6285.25551,True,121,120,0,0,0.9917355371900827,0.0,0.0,0,0.0,2025-06-01 13:00:06+00:00,2025-06-01 14:59:06+00:00,prices-history,19,False
9971,2025,Catalunya,2025-06-01,Gabriel Bortoleto,0xba5892937d6ed13f304a24687a15d13000f5236035fc2bc366d3c10948436826,105303988475754629823439754109236404977191658729728968385542360800668096915433,5448.721099,True,121,120,0,0,0.9917355371900827,0.0,0.0,0,0.0,2025-06-01 13:00:06+00:00,2025-06-01 14:59:06+00:00,prices-history,20,False
9963,2025,Montreal,2025-06-15,Lando Norris,0x1df0cc1defe47c5a45d62f37daba7f82665e03f75f1da550ecf4413ab4ceae34,35913441494690384474572588096470721299942136700405686367648705640007914385045,187538.110767,True,121,120,76,92,0.9917355371900827,0.628099173553719,0.7603305785123967,248,104857.83116499998,2025-06-15 18:00:06+00:00,2025-06-15 19:59:07+00:00,prices-history,1,True
9963,2025,Montreal,2025-06-15,Oscar Piastri,0xb663a73523efeeb88a4a6f00fbb897b1591a51e1cba665a6035da2c98cfe75ab,1790979586014268658349101801539512383528239479227416108409993773538468828733,105640.016722,True,121,120,78,101,0.9917355371900827,0.6446280991735537,0.8347107438016529,276,33789.989594,2025-06-15 18:00:06+00:00,2025-06-15 19:59:07+00:00,prices-history,2,True
9963,2025,Montreal,2025-06-15,George Russell,0x6029f84fd25f355cfeef0be0c44d8c8c4d9f5870ab658fc1ff835a49293f07cc,20095860573004143337656632145438322980253856901478067952507122408076058807767,104372.337459,True,121,120,99,121,0.9917355371900827,0.8181818181818182,1.0,321,53395.401213000005,2025-06-15 18:00:06+00:00,2025-06-15 19:59:07+00:00,prices-history,3,True
9963,2025,Montreal,2025-06-15,Max Verstappen,0x8f7fabaec3a9ce333736d54b1581c82b550f86b5c46e0c24585542213e3afbd5,99776516836860533402919638060594332002480482408830353147682093381880653590207,96929.425148,True,121,120,94,118,0.9917355371900827,0.7768595041322314,0.9752066115702479,352,39966.342891,2025-06-15 18:00:06+00:00,2025-06-15 19:59:07+00:00,prices-history,4,True
9963,2025,Montreal,2025-06-15,Charles Leclerc,0xf5c97e4c032d30bba3ddea0feaf74abf9454517fd486a7a42196f4b04125f49f,79223745386326412371490380099010660475281078372290610760682426834710981328902,44696.931072,True,121,120,53,87,0.9917355371900827,0.4380165289256198,0.71900826446281,150,15642.197096,2025-06-15 18:00:06+00:00,2025-06-15 19:59:07+00:00,prices-history,5,True
9963,2025,Montreal,2025-06-15,Lewis Hamilton,0x26aaa8acd55b46c1f708c52e18eb6c434ab94f09e9f86ec0e714a209452c5d2a,85406333932400266137013657501394772848098266811129338658525420485597255415412,37332.089556,True,121,120,47,79,0.9917355371900827,0.3884297520661157,0.6528925619834711,113,20058.314187,2025-06-15 18:00:06+00:00,2025-06-15 19:59:07+00:00,prices-history,6,True
9963,2025,Montreal,2025-06-15,Andrea Kimi Antonelli,0x5cb24ff43b6ed1f3cf9321782cabef306647020011b37229e2c50912dd6a34ab,93665538086695768313682917987304383426802147076205611376196169173552595065928,21091.516087,True,121,120,60,92,0.9917355371900827,0.49586776859504134,0.7603305785123967,178,10196.295383,2025-06-15 18:00:06+00:00,2025-06-15 19:59:07+00:00,prices-history,7,False
9963,2025,Montreal,2025-06-15,Isack Hadjar,0x5355c66d9359ec3d6dbae7d6b47092c4e6a9e59fd42e4c85e8e05363c7971a5c,12683161382637942471071808146163229002064599937258842804883695748565544948440,20906.30758,True,121,120,0,0,0.9917355371900827,0.0,0.0,0,0.0,2025-06-15 18:00:06+00:00,2025-06-15 19:59:07+00:00,prices-history,8,False
9963,2025,Montreal,2025-06-15,Carlos Sainz,0x37439d7b2bd2e8415c663134667c0eae49abcc19d5bb5c044fe2045ce52e3c78,50570013438897353747404798181979678946979765105571039067137790784160183737444,11959.717054,True,121,120,0,0,0.9917355371900827,0.0,0.0,0,0.0,2025-06-15 18:00:06+00:00,2025-06-15 19:59:07+00:00,prices-history,9,False
9963,2025,Montreal,2025-06-15,Fernando Alonso,0x89279ab5cd848fa83f2adc986a74722c187e8d926c85d638c6a0bdb1d7b9f05d,96050958196338425572614582815304854026832431091391322397779115958300417054852,8346.670032,True,121,120,0,0,0.9917355371900827,0.0,0.0,0,0.0,2025-06-15 18:00:06+00:00,2025-06-15 19:59:07+00:00,prices-history,10,False
9963,2025,Montreal,2025-06-15,Yuki Tsunoda,0xc686bd00ec0428d1e72b82d6379a32d668f69ccef45debdae418039d47e658c0,88070136880699832614105587044830564764868510914073171453576868745453938361154,6296.848518,True,121,120,0,0,0.9917355371900827,0.0,0.0,0,0.0,2025-06-15 18:00:06+00:00,2025-06-15 19:59:07+00:00,prices-history,11,False
9963,2025,Montreal,2025-06-15,Alexander Albon,0xf717e373de650e5796356fa602a4c5ae27b8cd5766549e17e16a52e48c4aca0c,58769563610980288523314209994953957683506788808823191562679024156677178489158,4069.147999,False,121,120,0,0,0.9917355371900827,0.0,0.0,0,0.0,2025-06-15 18:00:06+00:00,2025-06-15 19:59:07+00:00,prices-history,12,False
9963,2025,Montreal,2025-06-15,Franco Colapinto,0x060112e8354e8b0d737a2c7d46700ef31ec419bd5fcd4872df39aba262cec999,78918851421645573381428697088447393406734956656235225573671670347604809845083,700.925959,False,121,120,0,0,0.9917355371900827,0.0,0.0,0,0.0,2025-06-15 18:00:06+00:00,2025-06-15 19:59:07+00:00,prices-history,13,False
9963,2025,Montreal,2025-06-15,Pierre Gasly,0xf170c7202e997fa1751b105a5b026ca8cd93dfdf31dae6b0c253a460f641f4dd,96931646043488059675924919777982448923983357178975016770520580246258970382898,512.23,False,121,120,0,0,0.9917355371900827,0.0,0.0,0,0.0,2025-06-15 18:00:06+00:00,2025-06-15 19:59:07+00:00,prices-history,14,False
9963,2025,Montreal,2025-06-15,Gabriel Bortoleto,0xa93ab672a7aa97afcf5dd5b1ef1e0d54d7dc1a02ce8c6460436875721f710f97,61479032750616639912818149098833074126454057583832576523128643593523287166395,452.869,False,121,120,0,0,0.9917355371900827,0.0,0.0,0,0.0,2025-06-15 18:00:06+00:00,2025-06-15 19:59:07+00:00,prices-history,15,False
9963,2025,Montreal,2025-06-15,Liam Lawson,0xc9743891c58cbaaa0bb3211217f436d6ba29510aed497667fb22aef0d349360e,90860636003711834271141221429454275210840223540346582010246740194643559687154,426.250909,False,121,120,0,0,0.9917355371900827,0.0,0.0,0,0.0,2025-06-15 18:00:06+00:00,2025-06-15 19:59:07+00:00,prices-history,16,False
9963,2025,Montreal,2025-06-15,Nico Hulkenberg,0xcf65534a55ad4faaed7ae070754ceba78a7e1d403ffd03ea970a0821c2fb111d,110393871910530815321413686744234406349295866717531620177733782515973888718367,424.576776,False,121,120,0,0,0.9917355371900827,0.0,0.0,0,0.0,2025-06-15 18:00:06+00:00,2025-06-15 19:59:07+00:00,prices-history,17,False
9963,2025,Montreal,2025-06-15,Oliver Bearman,0xe38daf0fbe89fbd31499303558af63e326401c967c2a59fa359b3da9a413e0b6,11074180193222945297592585543758720345717132797794548640556052475995312235016,423.612665,False,121,120,0,0,0.9917355371900827,0.0,0.0,0,0.0,2025-06-15 18:00:06+00:00,2025-06-15 19:59:07+00:00,prices-history,18,False
9963,2025,Montreal,2025-06-15,Esteban Ocon,0xa5162f5fd896f4ef06ea8b709ea13c1099a5e72b0f006fc63daf75d141c0e302,88829338672009586666565264360575711426228702424517741314166629985120471584205,422.640665,False,121,120,0,0,0.9917355371900827,0.0,0.0,0,0.0,2025-06-15 18:00:06+00:00,2025-06-15 19:59:07+00:00,prices-history,19,False
9963,2025,Montreal,2025-06-15,Lance Stroll,0x62d60f35e7e209f212aead5307a81beaf418ce5094ffd9c1dc54a260f9f2bbb6,33588061451943545258330809768943798676785804408060653771759232603723962972578,418.144593,False,121,120,0,0,0.9917355371900827,0.0,0.0,0,0.0,2025-06-15 18:00:06+00:00,2025-06-15 19:59:07+00:00,prices-history,20,False
9955,2025,Spielberg,2025-06-29,Lando Norris,0x4d6e93ac79d30b9239c6cd7284ca74a2aafa50af72d241f3971a9b13e0b06f2d,51559622509475072942788350685490222776054112826181360498642319757435036474088,248238.563112,True,121,120,108,121,0.9917355371900827,0.8925619834710744,1.0,680,132134.958276,2025-06-29 13:00:07+00:00,2025-06-29 14:59:07+00:00,prices-history,1,True
9955,2025,Spielberg,2025-06-29,Oscar Piastri,0xe4babc69899a576ddfaa2f11598cd32e24724e96885e291a583db185a067be24,83009303475486161715087922988421227355073846657626344301526951256713951795225,201899.304212,True,121,120,113,121,0.9917355371900827,0.9338842975206612,1.0,788,103020.10163999998,2025-06-29 13:00:07+00:00,2025-06-29 14:59:07+00:00,prices-history,2,True
9955,2025,Spielberg,2025-06-29,Charles Leclerc,0x6e51ea8dee653950c1e7e03cf0476cc28d79c7e67cc196739ce5dae883a980f5,110293353423409816909427642210064304209968657797639989512714530267152373014953,94444.109246,True,121,120,90,112,0.9917355371900827,0.743801652892562,0.9256198347107438,481,38641.680852,2025-06-29 13:00:07+00:00,2025-06-29 14:59:07+00:00,prices-history,3,True
9955,2025,Spielberg,2025-06-29,Max Verstappen,0xea59cb8d7800501f5350a6d84ee0b47146900f9c2c0a1af3f78826230d5f1146,27857769000627721894109318330101583752043746372949436207177837922329485344523,92577.373015,True,121,120,22,49,0.9917355371900827,0.18181818181818182,0.4049586776859504,68,16250.459633000002,2025-06-29 13:00:07+00:00,2025-06-29 14:59:07+00:00,prices-history,4,True
9955,2025,Spielberg,2025-06-29,George Russell,0x9b6767bafb2acbf2f42031b03b8fe0f07b2b87c2538ab50b8c6c9e4ba2fb957d,90277643507088650927906161636194034601584706210751875447091286221597274955020,56863.091546,True,121,120,35,58,0.9917355371900827,0.2892561983471074,0.4793388429752066,155,13065.573537,2025-06-29 13:00:07+00:00,2025-06-29 14:59:07+00:00,prices-history,5,True
9955,2025,Spielberg,2025-06-29,Andrea Kimi Antonelli,0xbe57c532cf3447a068bcc204cd8f70bc1c6e246db0e6928209c22d66286f09e4,64770132279573307119184522641279356164844681270951535424038276500761761395500,56144.272997,True,121,120,12,27,0.9917355371900827,0.09917355371900827,0.2231404958677686,43,33471.362139000004,2025-06-29 13:00:07+00:00,2025-06-29 14:59:07+00:00,prices-history,6,True
9955,2025,Spielberg,2025-06-29,Lewis Hamilton,0x1287c1535e1393c4d0384c7ac881d26e722e2f342f9d7554997d2ba62a0eefe0,13040197872600914682718780382035192837426262412533967109995832510256441710783,35930.388475,True,121,120,60,97,0.9917355371900827,0.49586776859504134,0.8016528925619835,233,13329.363647000002,2025-06-29 13:00:07+00:00,2025-06-29 14:59:07+00:00,prices-history,7,False
9955,2025,Spielberg,2025-06-29,Carlos Sainz,0xfa4d8d61fde9abbf9b3842d4d59ed105dfb0990c50f2b2d7882a9e4304dc2aa3,76921603222628100116886338439376840809684092342627672724846332998304519677673,20179.5545,True,121,120,0,0,0.9917355371900827,0.0,0.0,0,0.0,2025-06-29 13:00:07+00:00,2025-06-29 14:59:07+00:00,prices-history,8,False
9955,2025,Spielberg,2025-06-29,Fernando Alonso,0xc37c586de9787a28596ad78dc4a488625f93e08fd0e0b3464b0b666b022789c9,60507006225845024690207673737844279986996578266968672100230434577605657571223,20090.387333,True,121,120,0,0,0.9917355371900827,0.0,0.0,0,0.0,2025-06-29 13:00:07+00:00,2025-06-29 14:59:07+00:00,prices-history,9,False
9955,2025,Spielberg,2025-06-29,Liam Lawson,0x0fc94f5873a1cf7283a84b6c324e869690f9cb1b6e28b5a51eb6fdf8b911e90f,17234205985762504324296859462859343978746155200412832931496911039736769436597,20067.439,True,121,120,0,0,0.9917355371900827,0.0,0.0,0,0.0,2025-06-29 13:00:07+00:00,2025-06-29 14:59:07+00:00,prices-history,10,False
9955,2025,Spielberg,2025-06-29,Gabriel Bortoleto,0x6b3cf5f537c1c83a13738351afa586a6016b963e23ab44bee3fb38cc4893e2aa,64503541218808384273923240467527204455286397892175529332186963798460172817369,17168.61,True,121,120,0,0,0.9917355371900827,0.0,0.0,0,0.0,2025-06-29 13:00:07+00:00,2025-06-29 14:59:07+00:00,prices-history,11,False
9955,2025,Spielberg,2025-06-29,Yuki Tsunoda,0xf1bdac405b9c49936239057d74a865f4cc2d37a4f0b7c08e3cfd9ea12e90ec85,22060481721213246257071770839116249574737064230925258155158405042293252909402,16807.2265,True,121,120,0,0,0.9917355371900827,0.0,0.0,0,0.0,2025-06-29 13:00:07+00:00,2025-06-29 14:59:07+00:00,prices-history,12,False
9955,2025,Spielberg,2025-06-29,Nico Hulkenberg,0x7889360b0aa7dc6954d440b146c990182e7b50813c8c4d266c63d30b70478090,5512562749502273663241184004071503955881556248627377983576647453596169787583,16041.041,True,121,120,0,0,0.9917355371900827,0.0,0.0,0,0.0,2025-06-29 13:00:07+00:00,2025-06-29 14:59:07+00:00,prices-history,13,False
9955,2025,Spielberg,2025-06-29,Lance Stroll,0xb8f692d4d8986669d9a0dba0a22d9d389c51cbfd813595d10c51ed014e929a51,67951428593853345307953912191520290525820841513718871205667439557738513743566,14833.9915,True,121,120,0,0,0.9917355371900827,0.0,0.0,0,0.0,2025-06-29 13:00:07+00:00,2025-06-29 14:59:07+00:00,prices-history,14,False
9955,2025,Spielberg,2025-06-29,Esteban Ocon,0x33d393450ecae02b2c27930784e7a74c248c4244070bd30d68626614d865fc42,51338248857332214596121752894638570620885802504781218228259705591429813634241,11138.071,True,121,120,0,0,0.9917355371900827,0.0,0.0,0,0.0,2025-06-29 13:00:07+00:00,2025-06-29 14:59:07+00:00,prices-history,15,False
9955,2025,Spielberg,2025-06-29,Pierre Gasly,0x0c0c6c87086b742e516594377fec777fddf0250f7d394524a6ffbb5de1c6f9ce,83047786961459244822583918451687735462046785976815037602499785943758060363384,10567.763333,True,121,120,1,6,0.9917355371900827,0.008264462809917356,0.049586776859504134,1,681.588,2025-06-29 13:00:07+00:00,2025-06-29 14:59:07+00:00,prices-history,16,False
9955,2025,Spielberg,2025-06-29,Franco Colapinto,0xed78d4aab6765a083c1b5a217bbd34496ea2b1c714fd83531dd29b1e1f58159d,5060559085161075502736193774831169920732445837509759582084169368445875083546,10551.158,True,121,120,0,0,0.9917355371900827,0.0,0.0,0,0.0,2025-06-29 13:00:07+00:00,2025-06-29 14:59:07+00:00,prices-history,17,False
9955,2025,Spielberg,2025-06-29,Oliver Bearman,0x6d6dca2abb9c6c80cde48c3ddb80b8f09328995147639ae1ff68fc08e1fdad6e,112718668876466203212139131916726155002154965027180974942627746845033080552691,10357.019,True,121,120,0,0,0.9917355371900827,0.0,0.0,0,0.0,2025-06-29 13:00:07+00:00,2025-06-29 14:59:07+00:00,prices-history,18,False
9955,2025,Spielberg,2025-06-29,Alexander Albon,0x322f1236a688cfac155d79971cf33676b795d60097c2f18224f64a8be123f4c2,85118863803294707933799963707702703698208422622926053371900279833548377563586,10183.564,True,121,120,0,0,0.9917355371900827,0.0,0.0,0,0.0,2025-06-29 13:00:07+00:00,2025-06-29 14:59:07+00:00,prices-history,19,False
9955,2025,Spielberg,2025-06-29,Isack Hadjar,0x9a8706ef00a68a2d3305162258d122fb14f13af81f06da716101287faa2a8dca,70512586776116014344453587423952792361599063063155060726144672460836658391579,10075.117665,True,121,120,0,0,0.9917355371900827,0.0,0.0,0,0.0,2025-06-29 13:00:07+00:00,2025-06-29 14:59:07+00:00,prices-history,20,False
9947,2025,Silverstone,2025-07-06,Lando Norris,0x2fca8e8e6225a5e45ae3231c6e6e4e5896aa4b2f1dd58fb94caa5e1a2e6a30b8,112777064841381707715875525733788955641213190231572721255950445774436499708603,199699.091603,True,121,120,104,121,0.9917355371900827,0.859504132231405,1.0,670,129881.080391,2025-07-06 14:00:08+00:00,2025-07-06 15:59:07+00:00,prices-history,1,True
9947,2025,Silverstone,2025-07-06,Max Verstappen,0x377922278f13bbb77464175a681a6a5262bfdbcb9203c937f77687b078728ac7,11665770981008417989345704720201109846470883315767829859725265630040466377703,167335.143668,True,121,120,93,114,0.9917355371900827,0.768595041322314,0.9421487603305785,525,58843.884146,2025-07-06 14:00:08+00:00,2025-07-06 15:59:07+00:00,prices-history,2,True
9947,2025,Silverstone,2025-07-06,Oscar Piastri,0x0067a85579366c60283831eb752ba334bba5b03235d1ffe13f0f765f6a65ca43,38411904720320566903855496359312025373011133616356258484889056199487416242935,159940.271229,True,121,120,114,121,0.9917355371900827,0.9421487603305785,1.0,692,72193.15625599999,2025-07-06 14:00:08+00:00,2025-07-06 15:59:07+00:00,prices-history,3,True
9947,2025,Silverstone,2025-07-06,Lewis Hamilton,0xcc00a9e2a84b802c24f0dcba4b6ebe1927371beb0b4feb0e07f0a0d52a88a7ad,82124899226332906417644118483915509377127276543341010932865705834999602094342,132702.717705,True,121,120,75,117,0.9917355371900827,0.6198347107438017,0.9669421487603306,351,42476.440523000005,2025-07-06 14:00:08+00:00,2025-07-06 15:59:07+00:00,prices-history,4,True
9947,2025,Silverstone,2025-07-06,George Russell,0x34946b42b4e457d1f09baee425bff29af16a68eec221c48a78d416e60fcd0f1f,11137491025185354917014528999504233242286107249478892364346152034842161736278,113687.397751,True,121,120,56,92,0.9917355371900827,0.4628099173553719,0.7603305785123967,249,33410.152765000006,2025-07-06 14:00:08+00:00,2025-07-06 15:59:07+00:00,prices-history,5,True
9947,2025,Silverstone,2025-07-06,Charles Leclerc,0xf8ca5319b5e7636e862ce9504dd855921106f7f24e6d7bc76d44b8f84a06914e,83951410006628095138279790421725909858341906983074709719691273748859032322540,80972.870232,True,121,120,30,62,0.9917355371900827,0.24793388429752067,0.512396694214876,147,20946.585643,2025-07-06 14:00:08+00:00,2025-07-06 15:59:07+00:00,prices-history,6,True
9947,2025,Silverstone,2025-07-06,Nico Hulkenberg,0x79df9c0f46584c07683ab6e9e6fe8124d14a400c134d9390db5429f10cc13486,62722966416259517687597043797208574590369991637493978588876871480639880060684,25996.694023,True,121,120,45,94,0.9917355371900827,0.371900826446281,0.7768595041322314,188,12729.309603999998,2025-07-06 14:00:08+00:00,2025-07-06 15:59:07+00:00,prices-history,7,False
9947,2025,Silverstone,2025-07-06,Lance Stroll,0xff273273c689bbe01ae6a2c4639d83910f2c482ac61770e8325cd6b4261f6162,107557702381676483560509523553340682920389717293241642263483227853627260578143,23571.210101,True,121,120,37,76,0.9917355371900827,0.30578512396694213,0.628099173553719,150,12002.667101,2025-07-06 14:00:08+00:00,2025-07-06 15:59:07+00:00,prices-history,8,False
9947,2025,Silverstone,2025-07-06,Andrea Kimi Antonelli,0x433533e92bd689cf4e0b7df8ea17110a3d4de5a84b1dfc7aa6dc64b1f6f1090c,15184291255755447435111713697020697902708042395441996536323488698985292992896,23399.895536,True,121,120,26,58,0.9917355371900827,0.21487603305785125,0.4793388429752066,92,8808.642421,2025-07-06 14:00:08+00:00,2025-07-06 15:59:07+00:00,prices-history,9,False
9947,2025,Silverstone,2025-07-06,Gabriel Bortoleto,0xb0e4b08ed0c11a6d2c0410312bb97b0aaad188eab9ac1de3221a5a17fb5be3f6,8384082609959478261002901090428318971142105960827728505483485944342576384951,16673.535332,True,121,120,6,17,0.9917355371900827,0.049586776859504134,0.14049586776859505,30,7193.37,2025-07-06 14:00:08+00:00,2025-07-06 15:59:07+00:00,prices-history,10,False
9947,2025,Silverstone,2025-07-06,Pierre Gasly,0xbcf5e2a6d4f8d7336a5ad590eec815260296146d56f1d57aef1318c51fb489cb,45589301678387062639155556312302808486112473067521087778413123339501419799998,16283.933831,True,121,120,25,70,0.9917355371900827,0.2066115702479339,0.5785123966942148,84,6409.201696,2025-07-06 14:00:08+00:00,2025-07-06 15:59:07+00:00,prices-history,11,False
9947,2025,Silverstone,2025-07-06,Carlos Sainz,0x8b39b8308516f9c151fa197f2e58122b2dacdce9d7868faf9e1bdbb27380046f,41876582964171653281154426360128471034328715104851138426553935583364541272524,15816.108101,True,121,120,14,37,0.9917355371900827,0.11570247933884298,0.30578512396694213,62,1445.656,2025-07-06 14:00:08+00:00,2025-07-06 15:59:07+00:00,prices-history,12,False
9947,2025,Silverstone,2025-07-06,Franco Colapinto,0xc7e36d0c9b078f6cfd4033cb83a76ab5f105c777b62b94cc0c75129efa0e22b1,68267387700514105316446437748724541153915031510514992806394362309658426149857,14552.509227,True,121,120,0,0,0.9917355371900827,0.0,0.0,0,0.0,2025-07-06 14:00:08+00:00,2025-07-06 15:59:07+00:00,prices-history,13,False
9947,2025,Silverstone,2025-07-06,Isack Hadjar,0xc0aadab890cf437131909033e337eb30b46b884dbed8ed42000a05591e47403e,48544033681616472760123763193776797259297390025805913744928812624240153792056,14185.38399,True,121,120,18,42,0.9917355371900827,0.1487603305785124,0.34710743801652894,68,3898.0962409999997,2025-07-06 14:00:08+00:00,2025-07-06 15:59:07+00:00,prices-history,14,False
9947,2025,Silverstone,2025-07-06,Liam Lawson,0x9385f343e1fe941159962678f4f66856df95c2e6992bd7dd637a00d4bd790a70,41909350864185147109964604334195154916581028894850231168543513246786324245061,13057.286666,True,121,120,4,11,0.9917355371900827,0.03305785123966942,0.09090909090909091,27,7364.7699999999995,2025-07-06 14:00:08+00:00,2025-07-06 15:59:07+00:00,prices-history,15,False
9947,2025,Silverstone,2025-07-06,Fernando Alonso,0xa83362ed5ae7e82acfa22ff5e0eeffe045c4c362bc95345c55975bd7532671ae,83853379482330719829329375901875286751749421042968769933244211048213266165711,11887.546946,True,121,120,26,54,0.9917355371900827,0.21487603305785125,0.4462809917355372,143,4735.180252,2025-07-06 14:00:08+00:00,2025-07-06 15:59:07+00:00,prices-history,16,False
9947,2025,Silverstone,2025-07-06,Oliver Bearman,0x5d45a6f6e1889c3ad7421f7e7412070acbf8de43699fc548a9ea90e47c66a917,108757787680932088891554483349159867974627232989202545679773375813880805174526,11299.066048,True,121,120,18,44,0.9917355371900827,0.1487603305785124,0.36363636363636365,66,3773.8860000000004,2025-07-06 14:00:08+00:00,2025-07-06 15:59:07+00:00,prices-history,17,False
9947,2025,Silverstone,2025-07-06,Alexander Albon,0xe256aa8df284dccf24e7159914f28a2916628616fe7b9f9921c74c65b741c3c4,19613704956409541070328213467011354505648410510991969772948706774529939272910,10765.381306,True,121,120,20,51,0.9917355371900827,0.1652892561983471,0.4214876033057851,90,6582.767964000001,2025-07-06 14:00:08+00:00,2025-07-06 15:59:07+00:00,prices-history,18,False
9947,2025,Silverstone,2025-07-06,Yuki Tsunoda,0x7919750445c49ed82310ed484612e0d0c9cb9df64bca4a43ea9912a08908051d,83551914881454435220871020120487024219685932582784617715758800324671080603306,9911.758853,True,121,120,20,47,0.9917355371900827,0.1652892561983471,0.3884297520661157,93,3152.871264,2025-07-06 14:00:08+00:00,2025-07-06 15:59:07+00:00,prices-history,19,False
9947,2025,Silverstone,2025-07-06,Esteban Ocon,0xf44641a6fe409534684836bfdd88c5c2fa9a8f6ed8284df22c3c25c2becc0dd5,38302362875065057735044341873010747075666202665355839108449165279440752852020,7029.660976,True,121,120,14,37,0.9917355371900827,0.11570247933884298,0.30578512396694213,62,1445.656,2025-07-06 14:00:08+00:00,2025-07-06 15:59:07+00:00,prices-history,20,False
9939,2025,Spa-Francorchamps,2025-07-27,Oscar Piastri,0x45278974e16b3d2b2d8950f54b0fdc8df5c7caaad8d5de8663ce83402859495a,4634816918050690798751501168840291760251392940560499760537157998821604842104,186229.441849,True,121,120,58,110,0.9917355371900827,0.4793388429752066,0.9090909090909091,216,48970.214464000004,2025-07-27 13:00:08+00:00,2025-07-27 14:59:09+00:00,prices-history,1,True
9939,2025,Spa-Francorchamps,2025-07-27,Lando Norris,0xb9edab53371ad705abfd9fdfa9b295814d8b7ed753fcbd7811c5936ec0ff275d,90871550325771006751479486555901533247948734069671659062803098577638588966415,181146.047053,True,121,120,71,117,0.9917355371900827,0.5867768595041323,0.9669421487603306,238,31546.569519999997,2025-07-27 13:00:08+00:00,2025-07-27 14:59:09+00:00,prices-history,2,True
9939,2025,Spa-Francorchamps,2025-07-27,Max Verstappen,0x001459171ad629c285e915ca8c18ccafa7893ddd028116c9724adbc62eead534,65225399431947441261973886818995257941140037688423054284478538534712119046738,173100.690455,True,121,120,59,108,0.9917355371900827,0.48760330578512395,0.8925619834710744,199,40544.275004,2025-07-27 13:00:08+00:00,2025-07-27 14:59:09+00:00,prices-history,3,True
9939,2025,Spa-Francorchamps,2025-07-27,Lewis Hamilton,0xc7701ca8f92e7be2c6f2a698a01d45f24e86c3ef4be5210f6956651fcfad511e,7410595304261502540330194605928666106744974725321681639808979038770767907276,74686.971911,True,121,120,40,91,0.9917355371900827,0.3305785123966942,0.7520661157024794,90,20743.65836,2025-07-27 13:00:08+00:00,2025-07-27 14:59:09+00:00,prices-history,4,True
9939,2025,Spa-Francorchamps,2025-07-27,Charles Leclerc,0x6993316b9160121fdaad73319e030ec293d459f3ee6e484d8ee1e9b10b48e4b9,93826875765391636003197475210614771379807051446399282708109647661739738253858,71092.11018,True,121,120,34,83,0.9917355371900827,0.2809917355371901,0.6859504132231405,87,5606.7307120000005,2025-07-27 13:00:08+00:00,2025-07-27 14:59:09+00:00,prices-history,5,True
9939,2025,Spa-Francorchamps,2025-07-27,George Russell,0x5b7dcf30a533d79e365d078950c7afcf7e2ab833e70691c3a9ec60a3f2269171,36220323418355553480041011008394416333916092827458694366469124749962887039243,56607.455789,True,121,120,44,105,0.9917355371900827,0.36363636363636365,0.8677685950413223,89,5121.000196,2025-07-27 13:00:08+00:00,2025-07-27 14:59:09+00:00,prices-history,6,True
9939,2025,Spa-Francorchamps,2025-07-27,Yuki Tsunoda,0x4557bc926ed4c5cce8b60f34d50353a5a60e4e0d9f46eeab2fd1498bf124d8d6,20146910968042909643343803254524473980270145631158882272234271193099260966271,37114.11306,True,121,120,6,29,0.9917355371900827,0.049586776859504134,0.2396694214876033,7,1601.8389470000002,2025-07-27 13:00:08+00:00,2025-07-27 14:59:09+00:00,prices-history,7,False
9939,2025,Spa-Francorchamps,2025-07-27,Alexander Albon,0xb6535334165e5ffa5e4450824a1f631bed8950ccfe17da9a673149ffb1be3f7c,62274256045438735275885643379157198326403056123536446947666782169489953834973,35892.291166,True,121,120,9,38,0.9917355371900827,0.0743801652892562,0.3140495867768595,18,398.76800000000003,2025-07-27 13:00:08+00:00,2025-07-27 14:59:09+00:00,prices-history,8,False
9939,2025,Spa-Francorchamps,2025-07-27,Lance Stroll,0xc7193ddbea5ea7ee8b474766e9a57bd9efd15846318cf70c5048b13839d25533,96523548769036051480096778655668823492382122578181282767424396547780478732994,33572.888545,True,121,120,3,18,0.9917355371900827,0.024793388429752067,0.1487603305785124,4,1253.1342129999998,2025-07-27 13:00:08+00:00,2025-07-27 14:59:09+00:00,prices-history,9,False
9939,2025,Spa-Francorchamps,2025-07-27,Gabriel Bortoleto,0xee858e7d36e8935138969f71ad7300860fead2440e0b342f2b5eaebda64cd467,3546013552725021945069059998993154512208235092214244462475397360426806440670,33552.406211,True,121,120,3,13,0.9917355371900827,0.024793388429752067,0.10743801652892562,3,340.926713,2025-07-27 13:00:08+00:00,2025-07-27 14:59:09+00:00,prices-history,10,False
9939,2025,Spa-Francorchamps,2025-07-27,Isack Hadjar,0x40db0acfe8d1a2f3d5d952fcb4e4beabf74b39a9cb2efdc5106c25738d7fe8b0,51243808058923058273706410444623003567305134699648090414557262785662564582538,32215.404965,True,121,120,16,70,0.9917355371900827,0.1322314049586777,0.5785123966942148,22,998.9921790000001,2025-07-27 13:00:08+00:00,2025-07-27 14:59:09+00:00,prices-history,11,False
9939,2025,Spa-Francorchamps,2025-07-27,Carlos Sainz,0xe151bf40a39a18b8daae4ffa50f66f233aa349c1b166359d3f94903e702a9bdc,107606397978715504585489081619519758997135992736193176583204961295550836619980,32044.209194,True,121,120,7,35,0.9917355371900827,0.05785123966942149,0.2892561983471074,9,1107.487694,2025-07-27 13:00:08+00:00,2025-07-27 14:59:09+00:00,prices-history,12,False
9939,2025,Spa-Francorchamps,2025-07-27,Fernando Alonso,0x680fb0b56b830ed1544fddcd3f55b7c21e6a83f9e92309e9d2f3b1ff32e37c3c,36980525274959662685181919091056469511567097446575326874750123092234166503506,30746.44886,True,121,120,4,15,0.9917355371900827,0.03305785123966942,0.12396694214876033,5,212.464089,2025-07-27 13:00:08+00:00,2025-07-27 14:59:09+00:00,prices-history,13,False
9939,2025,Spa-Francorchamps,2025-07-27,Oliver Bearman,0x6b91d8cfac005217ece00e488c066f215729e043647e2661cb68904aa3c966de,85194122333144038243913818620334874579666560248201816478591522685373922149503,30135.64488,True,121,120,3,18,0.9917355371900827,0.024793388429752067,0.1487603305785124,4,1627.2437149999998,2025-07-27 13:00:08+00:00,2025-07-27 14:59:09+00:00,prices-history,14,False
9939,2025,Spa-Francorchamps,2025-07-27,Pierre Gasly,0xc58294d78fad8a99d4d0d7924ec1b231c8cc81b9095af2511d5c5d97cb7ceab5,63669109315210861821754459341987930595712910281689470880179627452608351915968,26593.978717,True,121,120,3,18,0.9917355371900827,0.024793388429752067,0.1487603305785124,9,943.12972,2025-07-27 13:00:08+00:00,2025-07-27 14:59:09+00:00,prices-history,15,False
9939,2025,Spa-Francorchamps,2025-07-27,Nico Hulkenberg,0xcbd2dfc0cc24a77e53205aad861b465c5265e4b1d623c9c07677141ce386174a,36658871535624891613695174794061316590940122756054314675012521903686085793902,19740.948,True,121,120,3,13,0.9917355371900827,0.024793388429752067,0.10743801652892562,3,1000.0,2025-07-27 13:00:08+00:00,2025-07-27 14:59:09+00:00,prices-history,16,False
9939,2025,Spa-Francorchamps,2025-07-27,Esteban Ocon,0xfe7a3773b656988d75cb27c7d9ca8a49ebb8b420bac225a305b1a1e586da87bf,38902294413859049879991962252662487000320434056463363778270498126136784554843,18767.289347,True,121,120,0,0,0.9917355371900827,0.0,0.0,0,0.0,2025-07-27 13:00:08+00:00,2025-07-27 14:59:09+00:00,prices-history,17,False
9939,2025,Spa-Francorchamps,2025-07-27,Andrea Kimi Antonelli,0xf0359ba912b474b97b662213e863127003c0f426955e41b9fb2e8f9dc2cebb29,58394255797500629629581517984610721549878197663975843906564351974891191477851,14971.75173,True,121,120,1,6,0.9917355371900827,0.008264462809917356,0.049586776859504134,1,960.0,2025-07-27 13:00:08+00:00,2025-07-27 14:59:09+00:00,prices-history,18,False
9939,2025,Spa-Francorchamps,2025-07-27,Liam Lawson,0xeb4ce380ecb76a4d6f6dd4c67cabea63ae4b517be614ad40988df65a64404f93,9858956612915748052885749880615240246497805439480066638039942953137302736645,12512.798333,True,121,120,0,0,0.9917355371900827,0.0,0.0,0,0.0,2025-07-27 13:00:08+00:00,2025-07-27 14:59:09+00:00,prices-history,19,False
9939,2025,Spa-Francorchamps,2025-07-27,Franco Colapinto,0x59db24189a32fbdbb9120205bbb14eadd3db364867f0b77c265ef8ca3ea4b869,32184228881213130267736991439419953211675861245626434988887337596174071361167,6130.132747,True,121,120,2,11,0.9917355371900827,0.01652892561983471,0.09090909090909091,4,1036.873427,2025-07-27 13:00:08+00:00,2025-07-27 14:59:09+00:00,prices-history,20,False
9928,2025,Hungaroring,2025-08-03,Oscar Piastri,0x9950db9f1d7f6addee1322a52f059ae7c16015c142770a3bffe89f0803b26cb0,96376219930835210055825655847021459566713567328672220684156853475370524934267,1012515.931171,True,121,120,107,119,0.9917355371900827,0.8842975206611571,0.9834710743801653,985,149951.41425099998,2025-08-03 13:00:09+00:00,2025-08-03 14:59:09+00:00,prices-history,1,True
9928,2025,Hungaroring,2025-08-03,Lando Norris,0x662e093809889cf0f36e8dacce0c381b7c858d4b428d0d636b4f0647464dfbe2,107630592349265364976526042175074220568183944014586238314455557835595643218397,313850.714711,True,121,120,109,121,0.9917355371900827,0.9008264462809917,1.0,971,188924.512084,2025-08-03 13:00:09+00:00,2025-08-03 14:59:09+00:00,prices-history,2,True
9928,2025,Hungaroring,2025-08-03,Charles Leclerc,0x399890015969b1084f6e4196416b8bc4d472f30cd65bb2e0c1a57d89d3efdddc,84291088649613091878727429578860928864202182984895682169381803736192258875952,305475.162218,True,121,120,92,113,0.9917355371900827,0.7603305785123967,0.9338842975206612,708,129677.056324,2025-08-03 13:00:09+00:00,2025-08-03 14:59:09+00:00,prices-history,3,True
9928,2025,Hungaroring,2025-08-03,George Russell,0x0260fc8a85824ee36eff216e5b4a46ed99e530c730a4cf949d59213a0871aaec,30097339244485033963612950386045688952761196653801506947880305299974378031936,219255.632282,True,121,120,102,117,0.9917355371900827,0.8429752066115702,0.9669421487603306,386,148277.69467,2025-08-03 13:00:09+00:00,2025-08-03 14:59:09+00:00,prices-history,4,True
9928,2025,Hungaroring,2025-08-03,Fernando Alonso,0x8d883f26f4f0ebad78af005c6fef2ccd366e50688f7361dff5a388de6c8f8d0e,15355476052272122926068907780270492678734276970796539882259530443127731529858,143518.096403,True,121,120,24,51,0.9917355371900827,0.19834710743801653,0.4214876033057851,55,3736.003154,2025-08-03 13:00:09+00:00,2025-08-03 14:59:09+00:00,prices-history,5,True
9928,2025,Hungaroring,2025-08-03,Max Verstappen,0xff72844636ebc2945a4a3e247333f40185748be65b61efa3e3adaaf1ba520796,13602613747022001473397448126050567681315747907224825145792783939881283005291,137383.315758,True,121,120,48,84,0.9917355371900827,0.39669421487603307,0.6942148760330579,146,34341.006369999996,2025-08-03 13:00:09+00:00,2025-08-03 14:59:09+00:00,prices-history,6,True
9928,2025,Hungaroring,2025-08-03,Andrea Kimi Antonelli,0x388286f150cb48df3cc9051dcbce86dd58aed19facaa72d21c4cf302bd4e0557,10321673997873952542987137093265733285271638132837117196218095211340884183520,81362.157313,True,121,120,6,14,0.9917355371900827,0.049586776859504134,0.11570247933884298,17,614.994,2025-08-03 13:00:09+00:00,2025-08-03 14:59:09+00:00,prices-history,7,False
9928,2025,Hungaroring,2025-08-03,Lance Stroll,0x9652d67bcd9f501368cf55d62483bcce4814dfd15f2fc14f3e572294b8ccc1fb,84184282153971499394696953049619913395082138781043391312859745430878267678085,80694.858041,True,121,120,10,19,0.9917355371900827,0.08264462809917356,0.15702479338842976,34,1129.988,2025-08-03 13:00:09+00:00,2025-08-03 14:59:09+00:00,prices-history,8,False
9928,2025,Hungaroring,2025-08-03,Lewis Hamilton,0x6d81d5db456924f3e1f09d6650f3188604507c331361a64666467142e2df945c,56832622848993764121208882206365489531088160960052868526755257780202628046422,73417.052605,True,121,120,21,37,0.9917355371900827,0.17355371900826447,0.30578512396694213,56,4535.879277,2025-08-03 13:00:09+00:00,2025-08-03 14:59:09+00:00,prices-history,9,False
9928,2025,Hungaroring,2025-08-03,Gabriel Bortoleto,0xedefcb7b3c222bf867060d1446fc0caea179003f704f170242336fb99dd88fb8,2208906992942718940350294926115218608070647064684870415737454757241399230439,60328.894499,True,121,120,1,6,0.9917355371900827,0.008264462809917356,0.049586776859504134,1,20.0,2025-08-03 13:00:09+00:00,2025-08-03 14:59:09+00:00,prices-history,10,False
9928,2025,Hungaroring,2025-08-03,Esteban Ocon,0x11532fbbd8887dd775c9be2434f410bb595625c30e1fc92cedaeec75690296e4,78521708641547782967287627228666067934505052821841741415239945215756112974104,52634.7345,True,121,120,0,0,0.9917355371900827,0.0,0.0,0,0.0,2025-08-03 13:00:09+00:00,2025-08-03 14:59:09+00:00,prices-history,11,False
9928,2025,Hungaroring,2025-08-03,Isack Hadjar,0x348181dd19cdbf04ffdf48729767be09af0c9c82ef7f7c6555a1a1d6cb338a13,17047593312899217473209652288071821168916793097384564017060741320812946818839,52475.243165,True,121,120,0,0,0.9917355371900827,0.0,0.0,0,0.0,2025-08-03 13:00:09+00:00,2025-08-03 14:59:09+00:00,prices-history,12,False
9928,2025,Hungaroring,2025-08-03,Carlos Sainz,0x6c3593de9f64045c662d133ce010ccce7fe36ef8a5d1b4c695f9d662c7e87752,13132603161623689087883290061440517306018713899515593191073831338745919394927,43452.183858,True,121,120,0,0,0.9917355371900827,0.0,0.0,0,0.0,2025-08-03 13:00:09+00:00,2025-08-03 14:59:09+00:00,prices-history,13,False
9928,2025,Hungaroring,2025-08-03,Nico Hulkenberg,0x5907633401b4423d5984aaa75e48dd2ecab792712b9e12fa867363786a8a78fb,36916958320769757832897904157567577383482195084769648674467931020661346287010,42658.542833,True,121,120,0,0,0.9917355371900827,0.0,0.0,0,0.0,2025-08-03 13:00:09+00:00,2025-08-03 14:59:09+00:00,prices-history,14,False
9928,2025,Hungaroring,2025-08-03,Yuki Tsunoda,0x277ac300a16c52092f791bf524f8a949bf24f091bbc43dc9e3e7ff5adad0b34c,96842721301790664118477712032364074667600383145451748821745757485055487633695,42356.444552,True,121,120,0,0,0.9917355371900827,0.0,0.0,0,0.0,2025-08-03 13:00:09+00:00,2025-08-03 14:59:09+00:00,prices-history,15,False
9928,2025,Hungaroring,2025-08-03,Pierre Gasly,0x3f2ba2eb677a7221700bc3c89f9ba567c9776e401e983f8989fd564389fc79fd,54457266440887625737176035828702443462145450965211426111762127450793882893650,40480.74,True,121,120,0,0,0.9917355371900827,0.0,0.0,0,0.0,2025-08-03 13:00:09+00:00,2025-08-03 14:59:09+00:00,prices-history,16,False
9928,2025,Hungaroring,2025-08-03,Liam Lawson,0x18907f2875710ec6e2f25ef6764e9c7cfd25a81c7329464abb7387bd175f3da4,57016220681730290931243597470497702308349015032992838550004079193218700118652,36445.87,True,121,120,0,0,0.9917355371900827,0.0,0.0,0,0.0,2025-08-03 13:00:09+00:00,2025-08-03 14:59:09+00:00,prices-history,17,False
9928,2025,Hungaroring,2025-08-03,Alexander Albon,0x222f6d6c96d0f7630542eda109aa9e721af7cbc6a3cd7136041c1896fe1fe6e4,69396832998778092163590297272699358183605928231787725043671589975776544636758,27860.1495,True,121,120,0,0,0.9917355371900827,0.0,0.0,0,0.0,2025-08-03 13:00:09+00:00,2025-08-03 14:59:09+00:00,prices-history,18,False
9928,2025,Hungaroring,2025-08-03,Oliver Bearman,0xc321d4b91e171ff7b64a996ef41fcb0afc2f5d83d3141928afcc960374ffaa5c,94041329337741052383474029772445928515101650283335420381658659096321138911834,24324.993967,True,121,120,0,0,0.9917355371900827,0.0,0.0,0,0.0,2025-08-03 13:00:09+00:00,2025-08-03 14:59:09+00:00,prices-history,19,False
9928,2025,Hungaroring,2025-08-03,Franco Colapinto,0xda6d379879161b8e1d590e0427ce269205598f279b4e97a9f21f26840a4686a9,34187984598218344931142082479871783794724371847057406031942176564411904067421,24247.8595,True,121,120,0,0,0.9917355371900827,0.0,0.0,0,0.0,2025-08-03 13:00:09+00:00,2025-08-03 14:59:09+00:00,prices-history,20,False
9920,2025,Zandvoort,2025-08-31,Oscar Piastri,0x73b1de4ff353585b6bc2245fd53abb80272de73c89b9b26651f7354f132b5306,2502475165550710427182276451744200253930146406832049390461472097603829962995,356170.109871,True,121,120,105,119,0.9917355371900827,0.8677685950413223,0.9834710743801653,1009,208402.99560199998,2025-08-31 13:00:25+00:00,2025-08-31 14:59:04+00:00,prices-history,1,True
9920,2025,Zandvoort,2025-08-31,Max Verstappen,0x8dfe73c062b42bc906c4b8af7a79826d31a5444f138005e0df5b228c41c4f597,13727847202741245800088481493162272492761912283314028372215754673507773535432,135927.876903,True,121,120,90,109,0.9917355371900827,0.743801652892562,0.9008264462809917,403,55655.20447999999,2025-08-31 13:00:23+00:00,2025-08-31 14:59:04+00:00,prices-history,2,True
9920,2025,Zandvoort,2025-08-31,Lando Norris,0xf571b299a3ca1d73dc5bdddfe934e88d93b824c71d6d54a3721ebaf6b2ab3c3d,34343556170456596856437356279045922595434992425659504834509574981614830108236,104015.316144,True,121,120,86,112,0.9917355371900827,0.7107438016528925,0.9256198347107438,485,33073.114069999996,2025-08-31 13:00:16+00:00,2025-08-31 14:59:03+00:00,prices-history,3,True
9920,2025,Zandvoort,2025-08-31,Lewis Hamilton,0xceaf1b629e0b9ff23d6caef361d2d4a04b65869e891fab03e13ddbd6d364ede3,108306090293218074566372208632816254798266727670167130664665845444829752228330,41346.905108,True,121,120,18,46,0.9917355371900827,0.1487603305785124,0.38016528925619836,58,19827.134699999995,2025-08-31 13:00:26+00:00,2025-08-31 14:59:05+00:00,prices-history,4,True
9920,2025,Zandvoort,2025-08-31,Charles Leclerc,0x94de4ea213bcda7cb8f28e34ee0cb3a9a90df8798b302d37e43d96e378ad9311,109558788641331342056022017490092920689573067651899236952813598426454835286941,36923.346948,True,121,120,31,67,0.9917355371900827,0.256198347107438,0.5537190082644629,82,12190.672099999998,2025-08-31 13:00:08+00:00,2025-08-31 14:59:02+00:00,prices-history,5,True
9920,2025,Zandvoort,2025-08-31,George Russell,0xbe66509097a1c93489d555da67e8ddbcbb4ef1dcdbdd50cac8d1885db8e8e66b,108414080585478178799909148479364868388301357419487243218262494044866921860885,34726.929868,True,121,120,32,69,0.9917355371900827,0.2644628099173554,0.5702479338842975,100,8882.172294,2025-08-31 13:00:12+00:00,2025-08-31 14:59:03+00:00,prices-history,6,True
9920,2025,Zandvoort,2025-08-31,Fernando Alonso,0x72d33299224ba9c7d9666af4dd09da3e7516000d701a0e77dc5622ea0d21fb40,2431567028119057141150640258346111626547555313297672171803597785768825307892,24992.534128,True,121,120,1,6,0.9917355371900827,0.008264462809917356,0.049586776859504134,2,114.31,2025-08-31 13:00:18+00:00,2025-08-31 14:59:03+00:00,prices-history,7,False
9920,2025,Zandvoort,2025-08-31,Isack Hadjar,0x041c6adc82bf622182143c428ded5566d36035d0aa054bb491eb536c05a00e61,74741555465612426337395771547645615310246294779472131679244140764268190297933,21011.902674,True,121,120,29,61,0.9917355371900827,0.2396694214876033,0.5041322314049587,53,5440.9522369999995,2025-08-31 13:00:20+00:00,2025-08-31 14:59:04+00:00,prices-history,8,False
9920,2025,Zandvoort,2025-08-31,Andrea Kimi Antonelli,0x4c504654b461ed87b6ddeee07c39984d96b7a1de9df8a1137b6f883595286270,62326306924180759982658830230526856483955726730085467202315014525895941525248,17398.833366,True,121,120,1,6,0.9917355371900827,0.008264462809917356,0.049586776859504134,3,410.94,2025-08-31 13:00:18+00:00,2025-08-31 14:59:03+00:00,prices-history,9,False
9920,2025,Zandvoort,2025-08-31,Yuki Tsunoda,0x897be8c64326a1050bcafe7662a99ae8ac0b2ac7c16cd2813795013528d6407f,70074142836235491462765364832706780428442919239790116785259482263923435078306,14424.933,True,121,120,0,0,0.9917355371900827,0.0,0.0,0,0.0,2025-08-31 13:00:16+00:00,2025-08-31 14:59:03+00:00,prices-history,10,False
9920,2025,Zandvoort,2025-08-31,Pierre Gasly,0x868127b7abe0546a9f5feb9ca621b5ac0b49c55626c666df62332841bb0ea06a,57920052065206020919094385552734475890584661183281518535116004073760428454071,14407.328,True,121,120,0,0,0.9917355371900827,0.0,0.0,0,0.0,2025-08-31 13:00:25+00:00,2025-08-31 14:59:04+00:00,prices-history,11,False
9920,2025,Zandvoort,2025-08-31,Gabriel Bortoleto,0xb43c9b6b2c16978f254c479aec9c0c5ac6b261fd04c8d00612b47c2917a0a67c,42765802769215646280831009765633086820753391985628098589328620978239348054694,14233.2455,True,121,120,0,0,0.9917355371900827,0.0,0.0,0,0.0,2025-08-31 13:00:18+00:00,2025-08-31 14:59:03+00:00,prices-history,12,False
9920,2025,Zandvoort,2025-08-31,Esteban Ocon,0xdce1e096f5b6ed07c8a99059db0efeb84f8cbec7c1f6b9704c5e44133f740084,3120048602746747185942274131066177281643559064389630224460787158335221056534,13807.482,True,121,120,0,0,0.9917355371900827,0.0,0.0,0,0.0,2025-08-31 13:00:20+00:00,2025-08-31 14:59:04+00:00,prices-history,13,False
9920,2025,Zandvoort,2025-08-31,Oliver Bearman,0xb3ef6d17b71343e21e44544bf9b36fe16096ac36f531c6c1ab600d3282d06ac5,91832484551172853862530789338543814719049495328948270846141245916065093553462,11079.919,True,121,120,0,0,0.9917355371900827,0.0,0.0,0,0.0,2025-08-31 13:00:02+00:00,2025-08-31 14:59:05+00:00,prices-history,14,False
9920,2025,Zandvoort,2025-08-31,Lance Stroll,0x2f2090a05478da3aeb4059ec19e74d9a87fe6813f68571ac29157830f4ca4787,39983129866310656956243004352409664948102649989283224498810105324773489133589,10741.63,True,121,120,0,0,0.9917355371900827,0.0,0.0,0,0.0,2025-08-31 13:00:04+00:00,2025-08-31 14:59:02+00:00,prices-history,15,False
9920,2025,Zandvoort,2025-08-31,Alexander Albon,0x28e19759d52914c19e6e58e2029d1ebf14e38874a56ea17c62d1d7fa76b8af85,19049697893708431233457487180462939145843893113948720442896476503230818596673,9884.9795,True,121,120,0,0,0.9917355371900827,0.0,0.0,0,0.0,2025-08-31 13:00:08+00:00,2025-08-31 14:59:02+00:00,prices-history,16,False
9920,2025,Zandvoort,2025-08-31,Nico Hulkenberg,0x8f64284471bbfe38f0b1a830ce97af8e00a00d906cd804a8804e4aa40df5dc91,19898142492205446617551681342588348796213257504543250411775562958515477456826,9550.1385,True,121,120,0,0,0.9917355371900827,0.0,0.0,0,0.0,2025-08-31 13:00:10+00:00,2025-08-31 14:59:02+00:00,prices-history,17,False
9920,2025,Zandvoort,2025-08-31,Liam Lawson,0xcc2dce469d7533dce3f03121a17d1ab3e6db69c994f6c6db4dc12a694e2b5159,40536345537843926490832551296391727496502080374462897229831041106238048155460,9206.347,True,121,120,0,0,0.9917355371900827,0.0,0.0,0,0.0,2025-08-31 13:00:10+00:00,2025-08-31 14:59:02+00:00,prices-history,18,False
9920,2025,Zandvoort,2025-08-31,Carlos Sainz,0xed5d6fcaaa77dcc80ea50fc85b9efacdbd13971379f0941a9292172d08fcfb7c,46134071534909792857412168675750536686071545945492163829237460976265190154315,7674.892,True,121,120,0,0,0.9917355371900827,0.0,0.0,0,0.0,2025-08-31 13:00:08+00:00,2025-08-31 14:59:02+00:00,prices-history,19,False
9920,2025,Zandvoort,2025-08-31,Franco Colapinto,0x5ff5bb5a2adb0ae104753f453b45658e5c3480a90cba55e27ec6637219b04a2d,6921900933044630704834335422606656148766907686914637748702495713881459412969,5910.805,True,121,120,0,0,0.9917355371900827,0.0,0.0,0,0.0,2025-08-31 13:00:06+00:00,2025-08-31 14:59:02+00:00,prices-history,20,False
9912,2025,Monza,2025-09-07,Max Verstappen,0x1b0d783db07c67fe09fd8be3a13dc792ead62792e5afea329f7f80d55fbda3a2,32638103406303390128106280843818748650352413586480691188565524705979283473121,177966.716938,True,121,120,97,121,0.9917355371900827,0.8016528925619835,1.0,496,99634.33759000001,2025-09-07 13:00:15+00:00,2025-09-07 14:59:04+00:00,prices-history,1,True
9912,2025,Monza,2025-09-07,Lando Norris,0xb6c93a9b18951bad4e282289ed7d331e4d73e88c3d6bf1c5d3fc2e2b3f9ecac0,54875235694321651754760063277778117220294897269066142536980633794189594686005,132995.116974,True,121,120,66,91,0.9917355371900827,0.5454545454545454,0.7520661157024794,391,60790.83125999999,2025-09-07 13:00:18+00:00,2025-09-07 14:59:02+00:00,prices-history,2,True
9912,2025,Monza,2025-09-07,Charles Leclerc,0x7450d05618345e0103fade4dad30a7a2d88f85836db56b521230dfa5ad81eac7,34730257563172096021814330639406796127351969004833450333415767770783124136478,99258.645252,True,121,120,56,96,0.9917355371900827,0.4628099173553719,0.7933884297520661,183,17558.875744999998,2025-09-07 13:00:18+00:00,2025-09-07 14:59:05+00:00,prices-history,3,True
9912,2025,Monza,2025-09-07,Oscar Piastri,0x5151378ede55b0d81aca6389e4f1692f8dbbd266bdbcde7bd95214680e352e51,45339855023563492965846485926641265582377713696331807741469508293852507937463,83742.661135,True,121,120,66,104,0.9917355371900827,0.5454545454545454,0.859504132231405,249,17670.710314,2025-09-07 13:00:19+00:00,2025-09-07 14:59:05+00:00,prices-history,4,True
9912,2025,Monza,2025-09-07,Lewis Hamilton,0xddf1721f978d8b1358f58758474a62f899b487d74773f8abbfe421d2e54b62c5,47729197383215186401533127317453079816687500772585014118145044263067761148263,39370.627127,True,121,120,31,55,0.9917355371900827,0.256198347107438,0.45454545454545453,90,7080.106213,2025-09-07 13:00:14+00:00,2025-09-07 14:59:05+00:00,prices-history,5,True
9912,2025,Monza,2025-09-07,George Russell,0xee876424e5f45434017031388e7ea5ef2f2708429fd412dd6107725d2dc88c6d,66767215400223599491497265360673513632795941681695687776240608944604717438297,28007.215855,True,121,120,41,81,0.9917355371900827,0.33884297520661155,0.6694214876033058,111,7513.652619,2025-09-07 13:00:11+00:00,2025-09-07 14:59:02+00:00,prices-history,6,True
9912,2025,Monza,2025-09-07,Andrea Kimi Antonelli,0x29ab93d4b8dddc927bc9f629fcbaae0fc73b36cede941a326c6de518c4ae11ad,104471386110511366118857295004239784679357220553740080326641073538905934675835,21833.554188,True,121,120,36,67,0.9917355371900827,0.2975206611570248,0.5537190082644629,101,8341.964474,2025-09-07 13:00:14+00:00,2025-09-07 14:59:05+00:00,prices-history,7,False
9912,2025,Monza,2025-09-07,Fernando Alonso,0x75aee9cf98ba5c8e7b555c4d23a6affb945c77dfed7a50eeee2eb96383374754,26551720636350399522959196941880237152624560257381927766718817140312515377698,19960.730263,True,121,120,10,15,0.9917355371900827,0.08264462809917356,0.12396694214876033,24,634.889019,2025-09-07 13:00:19+00:00,2025-09-07 14:59:04+00:00,prices-history,8,False
9912,2025,Monza,2025-09-07,Carlos Sainz,0x8cfc2e4cb9b1a85c2b97b41e98456d160c216105c4849ae1b82ed96bc0c7a1a8,25436340329120150371500476274031908702862356563748122433755471030012931176171,15807.047378,True,121,120,0,0,0.9917355371900827,0.0,0.0,0,0.0,2025-09-07 13:00:04+00:00,2025-09-07 14:59:05+00:00,prices-history,9,False
9912,2025,Monza,2025-09-07,Alexander Albon,0xd2911492ceb519dbb228acd9742ab87322f8ac3b90bb93f62a462d91acbfe682,4900075844955589807750934354267462511535410744496821237910844954529999409512,15028.696585,True,121,120,7,17,0.9917355371900827,0.05785123966942149,0.14049586776859505,16,2514.289019,2025-09-07 13:00:15+00:00,2025-09-07 14:59:02+00:00,prices-history,10,False
9912,2025,Monza,2025-09-07,Gabriel Bortoleto,0x00bb503636dd544d44a6ebd212dbf1789bbbfebe5838868ad332da5f39114c06,90879759467147073533154314039693268437696524143652370194411406790220221590757,11225.507332,True,121,120,0,0,0.9917355371900827,0.0,0.0,0,0.0,2025-09-07 13:00:12+00:00,2025-09-07 14:59:05+00:00,prices-history,11,False
9912,2025,Monza,2025-09-07,Nico Hulkenberg,0x77ee69c3d71289a7c0715fd6a6d9a26527f2c5e093734e8dfba281a0ce203995,108224599752222770969544588573206205486447762168023336217370309402784653281084,7387.265791,True,121,120,0,0,0.9917355371900827,0.0,0.0,0,0.0,2025-09-07 13:00:08+00:00,2025-09-07 14:59:04+00:00,prices-history,12,False
9912,2025,Monza,2025-09-07,Yuki Tsunoda,0x7ecfe0e65c15d283557b5dc7fa496231b60a29df2809f9406e1ff360e8e2cced,39020575126239456099830349936288187585555463789357919222014013163227722431471,5979.138833,True,121,120,0,0,0.9917355371900827,0.0,0.0,0,0.0,2025-09-07 13:00:17+00:00,2025-09-07 14:59:04+00:00,prices-history,13,False
9912,2025,Monza,2025-09-07,Pierre Gasly,0xd031f01adc019c6aa9c51752e2442de0095d1a5ef5f2fa21bf14875fce089c36,49418632235461823437199334009342420133225064680744362301535001500183389894048,2950.511333,False,121,120,1,6,0.9917355371900827,0.008264462809917356,0.049586776859504134,1,1000.0,2025-09-07 13:00:19+00:00,2025-09-07 14:59:03+00:00,prices-history,14,False
9912,2025,Monza,2025-09-07,Lance Stroll,0x3bd062feabee205546d3c4361d1feed01c8d6652d0ff7fec64e6770ae0aa4e9f,28591403738483539720661342689479846837238893878388560269317663146424688018989,1927.814333,False,121,120,1,6,0.9917355371900827,0.008264462809917356,0.049586776859504134,1,1000.0,2025-09-07 13:00:04+00:00,2025-09-07 14:59:04+00:00,prices-history,15,False
9912,2025,Monza,2025-09-07,Isack Hadjar,0xa24369344a0cd7bee62b9533f0bc9a7aae1b22454cc42c51ba47c67001ce302a,22531585150868603351333317167152277930735249531739902024878516967223486091538,1912.219827,False,121,120,0,0,0.9917355371900827,0.0,0.0,0,0.0,2025-09-07 13:00:13+00:00,2025-09-07 14:59:04+00:00,prices-history,16,False
9912,2025,Monza,2025-09-07,Esteban Ocon,0x3c38b42a3743c95ffc38d2a8a19d1a2ac8ec4f27c060fb245e4484af1e4f6042,48996707633507621138087755094710613835908216123120373320225233272570802163978,1487.297333,False,121,120,0,0,0.9917355371900827,0.0,0.0,0,0.0,2025-09-07 13:00:17+00:00,2025-09-07 14:59:02+00:00,prices-history,17,False
9912,2025,Monza,2025-09-07,Liam Lawson,0x167dbee92444d77475a0b22cf37c1ff3ffe20c8dc56b5ca834312faf5d3117dc,19783908383890063959068858220326099348465245107645876229691956066146511171006,1012.034443,False,121,120,0,0,0.9917355371900827,0.0,0.0,0,0.0,2025-09-07 13:00:05+00:00,2025-09-07 14:59:02+00:00,prices-history,18,False
9912,2025,Monza,2025-09-07,Oliver Bearman,0xcea04248d047f4fd7d208c5fe48fe01a30e30751fd11e6cec2a5f00300d04cb6,32065862366885023826128600603136558743166796615702443506764780632937808749765,907.873,False,121,120,0,0,0.9917355371900827,0.0,0.0,0,0.0,2025-09-07 13:00:09+00:00,2025-09-07 14:59:04+00:00,prices-history,19,False
9912,2025,Monza,2025-09-07,Franco Colapinto,0x478e98c31b55a86241433ebf8c6aade419a001054a6dad06b11bb093666a32fc,49217610658676031741461339283559523536355434671628263427319908951824434013989,730.724198,False,121,120,0,0,0.9917355371900827,0.0,0.0,0,0.0,2025-09-07 13:00:13+00:00,2025-09-07 14:59:03+00:00,prices-history,20,False
9904,2025,Baku,2025-09-21,Max Verstappen,0x5683a82e53f53fb58c08f8b7bbb11edc4392d12b73eefc37a765918ad9ceb83e,97797138911466245189148818649130805159690431275396734863558577076641639713086,582136.97556,True,121,120,86,121,0.9917355371900827,0.7107438016528925,1.0,203,210691.238685,2025-09-21 11:00:18+00:00,2025-09-21 12:59:03+00:00,prices-history,1,True
9904,2025,Baku,2025-09-21,Oscar Piastri,0x14c35db64dd6c7b5543a132c2f396c7bcba81ff2f342624279008a5f31b2e7a1,25535894856035178855849213667452477070814440744721898178312298655734487853617,163566.756801,True,121,120,13,51,0.9917355371900827,0.10743801652892562,0.4214876033057851,17,25713.100000000002,2025-09-21 11:00:11+00:00,2025-09-21 12:59:04+00:00,prices-history,2,True
9904,2025,Baku,2025-09-21,Lando Norris,0xc8ad875ca1a7b346d246b8b225ffc25b3e84077b4609280dea52a9a543392aef,19806277428192366452753936899690768702672447529844799065394136595585640146314,140522.413652,True,121,120,49,108,0.9917355371900827,0.4049586776859504,0.8925619834710744,82,41478.041081,2025-09-21 11:00:02+00:00,2025-09-21 12:59:03+00:00,prices-history,3,True
9904,2025,Baku,2025-09-21,Charles Leclerc,0x0b10affbc7cd54b4e7a3c36acabfe7dd6d6021d604c3ea134ee1601f6b6d89ca,55574875452240638575358012482030457060158695645065381784070845871489819013414,132249.725151,True,121,120,17,64,0.9917355371900827,0.14049586776859505,0.5289256198347108,32,17200.38024,2025-09-21 11:00:18+00:00,2025-09-21 12:59:03+00:00,prices-history,4,True
9904,2025,Baku,2025-09-21,Lewis Hamilton,0x7b93416a890c2ae3a6bb5cca0bfde2913401bd6a5d49d503df98542e8783bdac,67551206209380445925852728497939020566678037191006597534663553876434577641315,57287.316349,True,121,120,16,60,0.9917355371900827,0.1322314049586777,0.49586776859504134,29,5220.179512000001,2025-09-21 11:00:19+00:00,2025-09-21 12:59:03+00:00,prices-history,5,True
9904,2025,Baku,2025-09-21,Carlos Sainz,0xe66e4e4af38a67cf47268edaf8652e65db096a8f695b69c23eeaa116ea47f222,99310127445084726116393788766078910976751668342885788430241795407284570238148,36774.051065,True,121,120,38,94,0.9917355371900827,0.3140495867768595,0.7768595041322314,73,5721.210699,2025-09-21 11:00:16+00:00,2025-09-21 12:59:03+00:00,prices-history,6,True
9904,2025,Baku,2025-09-21,Andrea Kimi Antonelli,0x7fdebda7f7154f805d69d7e35f5f534ebf60210a9d42381d22ffea935c62e5ba,46645638482474127477094708322308878122600552769356723467292401775261779947318,27004.255488,True,121,120,24,78,0.9917355371900827,0.19834710743801653,0.6446280991735537,41,13388.641446000001,2025-09-21 11:00:14+00:00,2025-09-21 12:59:02+00:00,prices-history,7,False
9904,2025,Baku,2025-09-21,George Russell,0x8810b0bf027964350ffdfe3927c9ab5aa27cb7152206314daf55f1e5e09e3207,13547208131244361009652239600723864439545925576208871107265357944699889506958,26819.174636,True,121,120,26,95,0.9917355371900827,0.21487603305785125,0.7851239669421488,47,4323.433174999998,2025-09-21 11:00:08+00:00,2025-09-21 12:59:04+00:00,prices-history,8,False
9904,2025,Baku,2025-09-21,Yuki Tsunoda,0x6a5a181d5e0e3211cf0b300805e79ba3062e823d82c724d26364aa12ddaaef6f,5882276766576122192495395214226846410849882843548902388888912592598722955260,14385.717932,True,121,120,6,34,0.9917355371900827,0.049586776859504134,0.2809917355371901,6,5160.8,2025-09-21 11:00:04+00:00,2025-09-21 12:59:04+00:00,prices-history,9,False
9904,2025,Baku,2025-09-21,Liam Lawson,0x2828de2ebb46afd884a6952497e4511a5d4edcc1f493d5e8595e51b97f438c7d,36607674674585847560294881741319439168263624567760037886033865607141065389948,8980.370044,True,121,120,7,36,0.9917355371900827,0.05785123966942149,0.2975206611570248,8,184.553498,2025-09-21 11:00:12+00:00,2025-09-21 12:59:02+00:00,prices-history,10,False
9904,2025,Baku,2025-09-21,Isack Hadjar,0x9901f484b7c0512a04e3aaefe1a1a9d443a6efd5d1688c17bd86f37da20851cb,44623534283227602267910215725875805662070993610208989885888039256954980853308,7533.325946,True,121,120,1,6,0.9917355371900827,0.008264462809917356,0.049586776859504134,1,100.0,2025-09-21 11:00:16+00:00,2025-09-21 12:59:03+00:00,prices-history,11,False
9904,2025,Baku,2025-09-21,Fernando Alonso,0x78fd8971f1fc8dc32f9369eda0bb1d61d349346545080f99346c0a83c72381ed,64020214367098814644267022306414271844101368860486164656073537761956846975228,3978.769714,False,121,120,1,6,0.9917355371900827,0.008264462809917356,0.049586776859504134,1,1000.0,2025-09-21 11:00:21+00:00,2025-09-21 12:59:03+00:00,prices-history,12,False
9904,2025,Baku,2025-09-21,Esteban Ocon,0xb7a790e7fe5c386d0e2b7ff2fd303e17d138bad30b37cd36b7ea580d3e10efa9,45840812684230060120361807031026547021160813161142448485565655850732188475491,2323.300333,False,121,120,1,6,0.9917355371900827,0.008264462809917356,0.049586776859504134,1,1000.0,2025-09-21 11:00:22+00:00,2025-09-21 12:59:03+00:00,prices-history,13,False
9904,2025,Baku,2025-09-21,Nico Hulkenberg,0x7184e20d730bd12f63cd76ca8180f42391ceb535c33a66f07c70c9b55d1890ae,41973983510033181955787630342354668095896009841657534981058283156471813079358,1513.96,False,121,120,0,0,0.9917355371900827,0.0,0.0,0,0.0,2025-09-21 11:00:04+00:00,2025-09-21 12:59:04+00:00,prices-history,14,False
9904,2025,Baku,2025-09-21,Pierre Gasly,0x7185f1cc89b2ab40d14cbac57f8060c9403c3d3b5ef160aadea940e838844799,85526571911878979742479641171416694176224289030229042880036575879657052540481,1397.268333,False,121,120,0,0,0.9917355371900827,0.0,0.0,0,0.0,2025-09-21 11:00:18+00:00,2025-09-21 12:59:03+00:00,prices-history,15,False
9904,2025,Baku,2025-09-21,Oliver Bearman,0x42aac8fdedb50b7d944ce34f65d11feaa8da63c7d2c486c6b8ddb46fbf8d7c6a,13412618185049971556647023551459911309636702245510595130310093092372966258445,934.197666,False,121,120,0,0,0.9917355371900827,0.0,0.0,0,0.0,2025-09-21 11:00:19+00:00,2025-09-21 12:59:03+00:00,prices-history,16,False
9904,2025,Baku,2025-09-21,Gabriel Bortoleto,0x9e8d2c3e70d3527b401db55c9e7d3feda9bf6e4c1aa62c4c6b81628704964447,39019548692243114730530098452519092248991700158152095559326852769390332850882,69.0,False,121,120,0,0,0.9917355371900827,0.0,0.0,0,0.0,2025-09-21 11:00:20+00:00,2025-09-21 12:59:03+00:00,prices-history,17,False
9904,2025,Baku,2025-09-21,Alexander Albon,0x42a048c76c97e8d15fe64321a54148bc8b8ad7f5494bd369942fcafd42e118ea,16678198466495394218958687302452724528149433587035105750595525233685870120540,68.991,False,121,120,0,0,0.9917355371900827,0.0,0.0,0,0.0,2025-09-21 11:00:04+00:00,2025-09-21 12:59:04+00:00,prices-history,18,False
9904,2025,Baku,2025-09-21,Lance Stroll,0x087ada63841c521d4c747c17a73a440688c223d5f4a4de760fa143be93f0ed31,109848601989713882203326348951292728947315435356315279735895614817143612197934,64.0,False,121,120,0,0,0.9917355371900827,0.0,0.0,0,0.0,2025-09-21 11:00:08+00:00,2025-09-21 12:59:04+00:00,prices-history,19,False
9904,2025,Baku,2025-09-21,Franco Colapinto,0x047fb74b5e84e60916da34aa58774dec2dd402da7dab623a385f064a75b84535,48780414668339418612037114479573750277546070177796511992131200416474409152676,14.0,False,121,120,0,0,0.9917355371900827,0.0,0.0,0,0.0,2025-09-21 11:00:11+00:00,2025-09-21 12:59:04+00:00,prices-history,20,False
9896,2025,Singapore,2025-10-05,Verstappen,0x6cdddb701108f6b4abc0c11e86b0335a02b7c5c932227d05212e4a0048de7cf0,80258891046497317901771917940363185836997436449719075243487548717644404951617,440659.30481,True,121,120,107,120,0.9917355371900827,0.8842975206611571,0.9917355371900827,656,67135.270561,2025-10-05 12:00:11+00:00,2025-10-05 13:59:03+00:00,prices-history,1,True
9896,2025,Singapore,2025-10-05,Russell,0x4f0e3419a62c9857790695a2f95c3d90a47e6971c1785ac9151c1b6d44b98115,9564285139196678422697602128719369073189884199337795402238358228977467009222,213649.499937,True,121,120,107,121,0.9917355371900827,0.8842975206611571,1.0,652,127744.77461800001,2025-10-05 12:00:06+00:00,2025-10-05 13:59:04+00:00,prices-history,2,True
9896,2025,Singapore,2025-10-05,Piastri,0x6a2d188e9a31379752a35f66b9c3390e3d7339c156a00393116bca822e6785e5,2482144610130586465843781184838063946196603667902106064226355458489214229867,191673.91457,True,121,120,75,114,0.9917355371900827,0.6198347107438017,0.9421487603305785,270,23225.104529,2025-10-05 12:00:09+00:00,2025-10-05 13:59:02+00:00,prices-history,3,True
9896,2025,Singapore,2025-10-05,Norris,0x118367d74c71eb1a0da1ec3a5813cc9ff0e02d36c7787eb8a6aa295b2be41c35,67249733898170424233749006047989134180732262381302840522059083886861837320516,131867.400788,True,121,120,82,112,0.9917355371900827,0.6776859504132231,0.9256198347107438,372,31554.471152,2025-10-05 12:00:06+00:00,2025-10-05 13:59:04+00:00,prices-history,4,True
9896,2025,Singapore,2025-10-05,Leclerc,0x20c05ebf8793c3dd44f73ce536a78be60342bebf33cf08db8fbbee19c0887a92,33188704598247788233801843577014548772011856476797887612206519539896688794578,94857.467908,True,121,120,18,38,0.9917355371900827,0.1487603305785124,0.3140495867768595,46,14229.042176,2025-10-05 12:00:10+00:00,2025-10-05 13:59:03+00:00,prices-history,5,True
9896,2025,Singapore,2025-10-05,Hamilton,0x42622b8e1ed6b0a324db3b2998e99330c4e376b30d2dde831008353581e21ff0,13364747908277191094661845443376546549472469462302333238761290340176292642498,61570.76983,True,121,120,25,43,0.9917355371900827,0.2066115702479339,0.35537190082644626,68,3069.322181,2025-10-05 12:00:06+00:00,2025-10-05 13:59:04+00:00,prices-history,6,True
9896,2025,Singapore,2025-10-05,Alonso,0xbb761449199292635f3e780feb904b7aa1a8137b5ffbe98e4cb868c7df15cc88,101727660492910365488649574729517995107158100016912211677470223482234151535142,56242.695423,True,121,120,4,24,0.9917355371900827,0.03305785123966942,0.19834710743801653,4,2237.235996,2025-10-05 12:00:05+00:00,2025-10-05 13:59:03+00:00,prices-history,7,False
9896,2025,Singapore,2025-10-05,Antonelli,0xe453b88a95be5372c43b29969d17360377ee0323cc5b2fecebf24b55aac46ae3,16312709050627564305341166727558583340822013155624224089403786655089930473033,49554.150567,True,121,120,9,26,0.9917355371900827,0.0743801652892562,0.21487603305785125,30,2318.1777880000004,2025-10-05 12:00:04+00:00,2025-10-05 13:59:03+00:00,prices-history,8,False
9896,2025,Singapore,2025-10-05,Sainz,0x2693efadd75ebfb69ba26ac18d6096e2e6f00a68a62912f548f91a7d2d03bf3b,69249059942523959607897195139889485040845176799015772956337182518462115855091,39034.64051,True,121,120,1,6,0.9917355371900827,0.008264462809917356,0.049586776859504134,2,600.4414400000001,2025-10-05 12:00:10+00:00,2025-10-05 13:59:03+00:00,prices-history,9,False
9896,2025,Singapore,2025-10-05,Lawson,0x5eeac2651281ba81c79d5369d76c969bbace3b3fb21a65c2b45112c98074fe25,77887803718435002641020289050776492368237217638587279599915922693888944224385,9702.13649,True,121,120,2,12,0.9917355371900827,0.01652892561983471,0.09917355371900827,3,201.001001,2025-10-05 12:00:02+00:00,2025-10-05 13:59:03+00:00,prices-history,10,False
9896,2025,Singapore,2025-10-05,Stroll,0xcd37671b429b864247d9a36e874ded5a0fd04e5e36dcbd8b9764cec1e5b9fc14,29218943247065808147022085218983068582500082782751594333750765894437987555091,8814.080684,True,121,120,2,8,0.9917355371900827,0.01652892561983471,0.06611570247933884,2,2892.0,2025-10-05 12:00:07+00:00,2025-10-05 13:59:02+00:00,prices-history,11,False
9896,2025,Singapore,2025-10-05,Hadjar,0x731d8d0847e13440807bd5a37f928f46ebd1d9d0ebcd65473e77235144d83a7b,44298789501925660831067764840459057897316517843277389908913239139805812843944,8574.292993,True,121,120,0,0,0.9917355371900827,0.0,0.0,0,0.0,2025-10-05 12:00:11+00:00,2025-10-05 13:59:03+00:00,prices-history,12,False
9896,2025,Singapore,2025-10-05,Bearman,0xe4049651f6e2292cc30d6e87473b1d5295ae849a65a0f83ed0691c1e75df6469,99642158756635478167291343626344354869716241713327206060173035070533605832759,8072.566243,True,121,120,5,15,0.9917355371900827,0.04132231404958678,0.12396694214876033,9,2747.1656530000005,2025-10-05 12:00:06+00:00,2025-10-05 13:59:04+00:00,prices-history,13,False
9896,2025,Singapore,2025-10-05,Tsunoda,0x60aed758221c37ccc1800879f73c43404518f6ccafcd4303e177d33db7c4a104,82177800876391706581539384368378797206404871758035437243090903850886383807213,7299.158401,True,121,120,1,6,0.9917355371900827,0.008264462809917356,0.049586776859504134,1,105.2,2025-10-05 12:00:08+00:00,2025-10-05 13:59:02+00:00,prices-history,14,False
9896,2025,Singapore,2025-10-05,Gasly,0x28037c4d92ff0648542be719765e34e72171453aafb38ea17b72699f4322a28c,55505854904610150438581086161814566726169775502648417462325682484695047414164,5714.541573,True,121,120,1,6,0.9917355371900827,0.008264462809917356,0.049586776859504134,1,105.2,2025-10-05 12:00:10+00:00,2025-10-05 13:59:03+00:00,prices-history,15,False
9896,2025,Singapore,2025-10-05,Hulkenberg,0xf2eaf20483d8b30fef05d597f9eb7a976c10bc6e5975198f02d60f888aba4b53,29837871790501295526436764493054606573296167211909695091725391335631341052560,5699.937094,True,121,120,2,12,0.9917355371900827,0.01652892561983471,0.09917355371900827,2,1583.2,2025-10-05 12:00:06+00:00,2025-10-05 13:59:04+00:00,prices-history,16,False
9896,2025,Singapore,2025-10-05,Albon,0x7c922763ba8bc70027e5de0b0ad11b2d5d116e12981da767a428d61c60148bdb,50902897514061197571855979386154591575185233191703863941978255647591568788539,128.527,False,121,120,0,0,0.9917355371900827,0.0,0.0,0,0.0,2025-10-05 12:00:09+00:00,2025-10-05 13:59:02+00:00,prices-history,17,False
9896,2025,Singapore,2025-10-05,Bortoleto,0x8e6531250aebd45efb5035f764cfdd88597279e70cba5a227938cd5919501022,54526034999447331100567481213958780913159686890117288393171647483287323530727,128.527,False,121,120,0,0,0.9917355371900827,0.0,0.0,0,0.0,2025-10-05 12:00:10+00:00,2025-10-05 13:59:03+00:00,prices-history,18,False
9896,2025,Singapore,2025-10-05,Ocon,0x3e836bf32c3c0a4565f563ce7812ea42891d5d150238530b8738d7ea5b4839b5,1123325411892519860081112481812333284879806245517504462945593916295816995291,128.507,False,121,120,0,0,0.9917355371900827,0.0,0.0,0,0.0,2025-10-05 12:00:02+00:00,2025-10-05 13:59:03+00:00,prices-history,19,False
9896,2025,Singapore,2025-10-05,Colapinto,0x5b126e9692cf5f28d2f88cef23b149a500c81fea62af0256f04b8948bfe61bda,24417758387401993319412893742186581708218793582281426331003450532109839526929,128.437,False,121,120,0,0,0.9917355371900827,0.0,0.0,0,0.0,2025-10-05 12:00:02+00:00,2025-10-05 13:59:03+00:00,prices-history,20,False
9888,2025,Austin,2025-10-19,Max Verstappen,0xa1adc098f0fcddbcad3050aecb21dbe4986f04222310bf08ac00b7b2b8dab7ef,21069828758354217554445317796856933326344977935101059162025011520051275953427,206715.350346,True,121,120,108,121,0.9917355371900827,0.8925619834710744,1.0,469,100887.674134,2025-10-19 19:00:13+00:00,2025-10-19 20:59:04+00:00,prices-history,1,True
9888,2025,Austin,2025-10-19,Lando Norris,0x3de0f2b91f24980da96f4a26a1ad20b67e5ccec35ce13afdba2821c51484e546,35057784756431982964726972748053262063090015897904005076047014519986432392727,111072.291781,True,121,120,73,118,0.9917355371900827,0.6033057851239669,0.9752066115702479,240,39341.117697,2025-10-19 19:00:09+00:00,2025-10-19 20:59:04+00:00,prices-history,2,True
9888,2025,Austin,2025-10-19,Oscar Piastri,0x33a89d5c96534599daa948d3d352858e5d573556e032398f1a33fdb2708d964e,109085077881688508322029048406833574539065112803003507482274836603952578145376,98841.353552,True,121,120,38,80,0.9917355371900827,0.3140495867768595,0.6611570247933884,106,12200.808495,2025-10-19 19:00:05+00:00,2025-10-19 20:59:03+00:00,prices-history,3,True
9888,2025,Austin,2025-10-19,Charles Leclerc,0xe71c81e0ab4c636d059f4759dca36cd18c65d11b2fad2cab7479e0c855e40f37,68499673711129018534720137744857332907211332616213555001345490407732275512897,82225.751326,True,121,120,62,105,0.9917355371900827,0.512396694214876,0.8677685950413223,154,30765.976707,2025-10-19 19:00:20+00:00,2025-10-19 20:59:03+00:00,prices-history,4,True
9888,2025,Austin,2025-10-19,George Russell,0x1f1a11beecbda7b2e09d0e06a068fcafa5070f78eb035044aca89254839ca628,48003446716735878281040397618979932009770521067192018323305631501478903842776,80927.766878,True,121,120,33,60,0.9917355371900827,0.2727272727272727,0.49586776859504134,97,11742.179689,2025-10-19 19:00:19+00:00,2025-10-19 20:59:03+00:00,prices-history,5,True
9888,2025,Austin,2025-10-19,Lewis Hamilton,0x17808cf8911da3e5618930a7810dcb0ab7284707fcce23bd874367d6da1fd6f8,113860726677995777071498693950607348055561084903877823965609504920255865167565,27885.603501,True,121,120,30,65,0.9917355371900827,0.24793388429752067,0.5371900826446281,89,7085.3451110000005,2025-10-19 19:00:15+00:00,2025-10-19 20:59:05+00:00,prices-history,6,True
9888,2025,Austin,2025-10-19,Andrea Kimi Antonelli,0x636ea12a1d33063fc588f6313c8768d4217e6172fead9953b35c260d6c482551,7494706761709853690878622391367296338700470494223785871106536658772656272598,13344.830904,True,121,120,7,34,0.9917355371900827,0.05785123966942149,0.2809917355371901,24,2665.157666,2025-10-19 19:00:14+00:00,2025-10-19 20:59:04+00:00,prices-history,7,False
9888,2025,Austin,2025-10-19,Carlos Sainz,0x400b81f9ff938295c275f61ec2f406340790d41901a240c94c534bd798000e48,24910715934006447158034149208278964045290648488663796201897899954262287343226,7000.646065,True,121,120,0,0,0.9917355371900827,0.0,0.0,0,0.0,2025-10-19 19:00:06+00:00,2025-10-19 20:59:03+00:00,prices-history,8,False
9888,2025,Austin,2025-10-19,Fernando Alonso,0x57ecfa776e917ea602becfba085f4b88a0d327db517211acac4094fc788d5c8b,50380918402977870249368019084258682719565410990304449993972090246414205282976,5985.915667,True,121,120,3,10,0.9917355371900827,0.024793388429752067,0.08264462809917356,20,1102.541,2025-10-19 19:00:09+00:00,2025-10-19 20:59:04+00:00,prices-history,9,False
9888,2025,Austin,2025-10-19,Nico Hulkenberg,0x0905769c7614695c75f04da34de6987be15ac83dbc4aa8e8938702885edefa23,71308080534165787635494467689284503112587043441066125584623314262456970416985,4349.140845,False,121,120,1,6,0.9917355371900827,0.008264462809917356,0.049586776859504134,1,10.0,2025-10-19 19:00:16+00:00,2025-10-19 20:59:05+00:00,prices-history,10,False
9888,2025,Austin,2025-10-19,Oliver Bearman,0x53fa5af9a288cdf931eef39d93b83adcdbbd16b4546e34a27967bd385c3ad1c7,63857695019290583869390241091328754921374125082044131237101646248662681176826,2529.445375,False,121,120,0,0,0.9917355371900827,0.0,0.0,0,0.0,2025-10-19 19:00:09+00:00,2025-10-19 20:59:04+00:00,prices-history,11,False
9888,2025,Austin,2025-10-19,Yuki Tsunoda,0x3c29965daf171063c135c5b0939ce84a28e2b55bcd7248d11df2283f1edfa22e,9744079279467314264161982446346095513834778722739742511627023145512573481065,2159.55725,False,121,120,0,0,0.9917355371900827,0.0,0.0,0,0.0,2025-10-19 19:00:18+00:00,2025-10-19 20:59:05+00:00,prices-history,12,False
9888,2025,Austin,2025-10-19,Lance Stroll,0x44885a1967491763ff2944935fe9a435d5a642873818e5a91aa2a5327d2cdaf9,17488060217756230611242288402396164542524721841027869126944823399945340593559,1775.591,False,121,120,0,0,0.9917355371900827,0.0,0.0,0,0.0,2025-10-19 19:00:20+00:00,2025-10-19 20:59:03+00:00,prices-history,13,False
9888,2025,Austin,2025-10-19,Pierre Gasly,0xabc27b8998cac88ff28949cbb113626b666cb23932ac4b77fc9ecb4566cc400d,108732221558744223757475164579219471875110437055227537488843415498434735134079,1675.181,False,121,120,0,0,0.9917355371900827,0.0,0.0,0,0.0,2025-10-19 19:00:15+00:00,2025-10-19 20:59:05+00:00,prices-history,14,False
9888,2025,Austin,2025-10-19,Liam Lawson,0x2f89007182515996f8181afc6c22e7d089b75fa8e72468faa9d3d7947acba91e,45080951522637528152416728782325118717905293940883945985393087897019289345109,1668.811,False,121,120,0,0,0.9917355371900827,0.0,0.0,0,0.0,2025-10-19 19:00:15+00:00,2025-10-19 20:59:05+00:00,prices-history,15,False
9888,2025,Austin,2025-10-19,Franco Colapinto,0x07e6c8d1726195b1ceb5910268559229222b97f64962e137d3aa4131c325a4df,86761353621336755183712866436091628572313087414088532276433137658702304789714,1562.688,False,121,120,0,0,0.9917355371900827,0.0,0.0,0,0.0,2025-10-19 19:00:14+00:00,2025-10-19 20:59:04+00:00,prices-history,16,False
9888,2025,Austin,2025-10-19,Gabriel Bortoleto,0xc8bf64049ebb89bd2c06d61171502ee5ee56f4a01ce926661b37ef150edc0608,49019775215665471195622516592463473682970596528279217806725185894374057411769,1358.937,False,121,120,0,0,0.9917355371900827,0.0,0.0,0,0.0,2025-10-19 19:00:15+00:00,2025-10-19 20:59:05+00:00,prices-history,17,False
9888,2025,Austin,2025-10-19,Esteban Ocon,0x475c766f86be4fdae8373473977660c81257e59c5ce8113f39d6878bc1ae2409,12377259935939390331526836423606945069546686849907558310242358821486190355001,1322.811,False,121,120,0,0,0.9917355371900827,0.0,0.0,0,0.0,2025-10-19 19:00:05+00:00,2025-10-19 20:59:03+00:00,prices-history,18,False
9888,2025,Austin,2025-10-19,Alexander Albon,0xa27e3280a64a6cb3d007d533ca3a0ddda7ce3d461d37a3f939f559960d0673ab,4258293980504074112085634928121521560812773689203641386076035560177826615614,948.056333,False,121,120,0,0,0.9917355371900827,0.0,0.0,0,0.0,2025-10-19 19:00:15+00:00,2025-10-19 20:59:05+00:00,prices-history,19,False
9888,2025,Austin,2025-10-19,Isack Hadjar,0x5bff0cff42d9a5200e71179160a0d09b2ffedee654d540f6d68cd451ff6961ef,20138584911507867069471505470307377113816011376385987463114023059603177810328,884.474,False,121,120,0,0,0.9917355371900827,0.0,0.0,0,0.0,2025-10-19 19:00:04+00:00,2025-10-19 20:59:03+00:00,prices-history,20,False
9877,2025,Mexico City,2025-10-26,Verstappen,0x62778b81ba8b55cb12b749c8e4e959784fc4fec31d6054e0a5ed05d6e2efe93f,63768355310853841327996057202210421031762843732080309053193134644789447859665,379931.894068,True,121,120,90,120,0.9917355371900827,0.743801652892562,0.9917355371900827,383,80559.64670299999,2025-10-26 20:00:11+00:00,2025-10-26 21:59:04+00:00,prices-history,1,True
9877,2025,Mexico City,2025-10-26,Norris,0x7a510f2d34ec72f8d5fa9e08eb269c085c8afc353493b0680778931fbd7e2245,41149766347990436698740092159767338707047798192616471297628276523275287950019,271739.221537,True,121,120,103,121,0.9917355371900827,0.8512396694214877,1.0,417,113566.389967,2025-10-26 20:00:25+00:00,2025-10-26 21:59:07+00:00,prices-history,2,True
9877,2025,Mexico City,2025-10-26,Hamilton,0x0bce5322acdb107cf129d12d8fce2060016f220dbb1574ad9f660e31b2f51a87,49620589744357600800123188650684955890331103393160315818554762710813116867492,66131.642113,True,121,120,40,69,0.9917355371900827,0.3305785123966942,0.5702479338842975,138,13874.199560000001,2025-10-26 20:00:25+00:00,2025-10-26 21:59:07+00:00,prices-history,3,True
9877,2025,Mexico City,2025-10-26,Leclerc,0x956ff527009530332ab3c5286b683a60d73b9f3d649e0b80620db3432178faea,46873682475150476139195430913138786650543013318687854502158066230453468839228,63014.336218,True,121,120,68,106,0.9917355371900827,0.5619834710743802,0.8760330578512396,212,17458.462106,2025-10-26 20:00:06+00:00,2025-10-26 21:59:04+00:00,prices-history,4,True
9877,2025,Mexico City,2025-10-26,Piastri,0xd724d420c4ad4ab9b670c856bc27e828aa4b6c159640936ba9b4b910625180ab,36110455972162231154747097942682266737259185530401288638358835566826350779450,34523.699175,True,121,120,33,51,0.9917355371900827,0.2727272727272727,0.4214876033057851,111,5553.585348,2025-10-26 20:00:11+00:00,2025-10-26 21:59:05+00:00,prices-history,5,True
9877,2025,Mexico City,2025-10-26,Russell,0x349241f7bd5358b00ae5a9898b33226c3b8c9fa4b1f50e5e961325166b1b76c1,51992398187682532999760733911589277096047699437564705538552288751895382686681,22331.644544,True,121,120,34,64,0.9917355371900827,0.2809917355371901,0.5289256198347108,100,6460.12575,2025-10-26 20:00:24+00:00,2025-10-26 21:59:07+00:00,prices-history,6,True
9877,2025,Mexico City,2025-10-26,Hadjar,0x14a76d6fb7210ecb6a2d9f60ce871c7e833460e706dfba5815145109b6049701,73139409539246890064292390848942199365906441224735653320668152701862372635588,18258.3312,True,121,120,0,0,0.9917355371900827,0.0,0.0,0,0.0,2025-10-26 20:00:05+00:00,2025-10-26 21:59:04+00:00,prices-history,7,False
9877,2025,Mexico City,2025-10-26,Antonelli,0xbdc52988597826d8ebf2a2e7c495ac1ee728cf52515c6f36bd06c63537b54935,69670809100633079987056570915104307182435754521716638537445678485322151738071,17260.930347,True,121,120,7,12,0.9917355371900827,0.05785123966942149,0.09917355371900827,19,896.566,2025-10-26 20:00:11+00:00,2025-10-26 21:59:05+00:00,prices-history,8,False
9877,2025,Mexico City,2025-10-26,Bearman,0xace09d975f7bae10f74a811cc94d7c5eb1966efbc1d91dd1d9e8f5b73e703f6f,83460653623666078028633635927756651614820178837858641475372183881985544921210,10870.712489,True,121,120,34,80,0.9917355371900827,0.2809917355371901,0.6611570247933884,56,10856.712489000001,2025-10-26 20:00:21+00:00,2025-10-26 21:59:06+00:00,prices-history,9,False
9877,2025,Mexico City,2025-10-26,Sainz,0xb324eee645b497eb4caff01b50e1f71c81026a0c2fd1d2daeef5010c9d57a5f5,115075003152887107182579317393353276876259275487842959411091702859730470514601,7641.172166,True,121,120,1,6,0.9917355371900827,0.008264462809917356,0.049586776859504134,1,896.205,2025-10-26 20:00:11+00:00,2025-10-26 21:59:05+00:00,prices-history,10,False
9877,2025,Mexico City,2025-10-26,Lawson,0xc0d6d42d2eedce43826ca156f91ce84d0e4b6ff1d64cdaef2b1fc31bf44a7bc8,79615898770514743662856966711187127448401650369318149095531449691274027014167,3862.645,False,121,120,0,0,0.9917355371900827,0.0,0.0,0,0.0,2025-10-26 20:00:22+00:00,2025-10-26 21:59:06+00:00,prices-history,11,False
9877,2025,Mexico City,2025-10-26,Alonso,0xcd94da51d4831675438a34c74ab6cf7d00a188a9faee651e63883f08df656972,14884448460937665059596200621832297556643601622084349489909083132754617936427,2420.452,False,121,120,0,0,0.9917355371900827,0.0,0.0,0,0.0,2025-10-26 20:00:09+00:00,2025-10-26 21:59:04+00:00,prices-history,12,False
9877,2025,Mexico City,2025-10-26,Stroll,0x0d8c53753929dd4263f2ca000dd8acad776bd201a3dc45cab703cc2a7a3b5af2,90927098225416250371022973531515376977154038300808533563351766179138807500690,2077.27,False,121,120,0,0,0.9917355371900827,0.0,0.0,0,0.0,2025-10-26 20:00:19+00:00,2025-10-26 21:59:06+00:00,prices-history,13,False
9877,2025,Mexico City,2025-10-26,Tsunoda,0x4bfd6e0c34979a670d47e4f05183757e61453216cd13e8483b0963fcf8cb6f80,97773290196337854811224546079477524896364270610206843931284528654297576320270,2013.967,False,121,120,0,0,0.9917355371900827,0.0,0.0,0,0.0,2025-10-26 20:00:03+00:00,2025-10-26 21:59:04+00:00,prices-history,14,False
9877,2025,Mexico City,2025-10-26,Albon,0x34628212645f4f11d72d7fe5c5e0df55f95e7a5c2bfda3f4a5a61c4f3737d7d2,97856214771821024692379775314820086636716749661396998770630354766354845171671,1314.736,False,121,120,0,0,0.9917355371900827,0.0,0.0,0,0.0,2025-10-26 20:00:12+00:00,2025-10-26 21:59:05+00:00,prices-history,15,False
9877,2025,Mexico City,2025-10-26,Hulkenberg,0x58d4a86f4dfb83934ce831cd401db006594ff5cdd1e2748e46382f59ebf0303d,43912939014126274604641992659540281770830167307522218664228259019150927920375,1096.456,False,121,120,0,0,0.9917355371900827,0.0,0.0,0,0.0,2025-10-26 20:00:03+00:00,2025-10-26 21:59:04+00:00,prices-history,16,False
9877,2025,Mexico City,2025-10-26,Gasly,0xc460f263cc7691cfc205a8f140de11091ac26b5504b61ec17461de5ae0618282,58485247026140956587364182196146946168859996695307977023408645827551698974766,1014.0,False,121,120,0,0,0.9917355371900827,0.0,0.0,0,0.0,2025-10-26 20:00:21+00:00,2025-10-26 21:59:06+00:00,prices-history,17,False
9877,2025,Mexico City,2025-10-26,Bortoleto,0x93c38d86ba21bcef12c92b75a2ff261b3223d328185d9088f91e1c5518a42d54,42034835048862664896744446943474315731709380410599284354138113398247634030025,217.981,False,121,120,0,0,0.9917355371900827,0.0,0.0,0,0.0,2025-10-26 20:00:19+00:00,2025-10-26 21:59:06+00:00,prices-history,18,False
9877,2025,Mexico City,2025-10-26,Colapinto,0x74619fcf677f7b03ac4e9ab177390936a00fbaa152369b5de6a0ec88834d4c45,53470980951269122693891435238757972997082812332713096898791027048203616844223,217.969,False,121,120,0,0,0.9917355371900827,0.0,0.0,0,0.0,2025-10-26 20:00:08+00:00,2025-10-26 21:59:04+00:00,prices-history,19,False
9877,2025,Mexico City,2025-10-26,Ocon,0x992413fa31a4b49d1398948a7de0dfa2eca6a536b67f26da8f93d52d4330d6d5,100353324382052305738271117361536072770275019254486654117933961643632275456803,14.0,False,121,120,0,0,0.9917355371900827,0.0,0.0,0,0.0,2025-10-26 20:00:17+00:00,2025-10-26 21:59:05+00:00,prices-history,20,False
9869,2025,Interlagos,2025-11-09,Gabriel Bortoleto,0x5715813b07489b312c0c7368301628109bcd704bbbb3b26bb3e5dd8118b09e14,92571004927251498249979452959377667090061034044084834904885201751139608263802,475995.144818,True,121,120,6,20,0.9917355371900827,0.049586776859504134,0.1652892561983471,8,16945.0,2025-11-09 17:00:24+00:00,2025-11-09 18:59:06+00:00,prices-history,1,True
9869,2025,Interlagos,2025-11-09,Max Verstappen,0x13bacc477a9b3cd180003f5bc78caedfbb7c7b8d688d0c8291bba974b57fadb9,12238515106569482568960086665825795845477940163804927006261179152194445893791,300027.118872,True,121,120,96,118,0.9917355371900827,0.7933884297520661,0.9752066115702479,474,113947.278928,2025-11-09 17:00:17+00:00,2025-11-09 18:59:05+00:00,prices-history,2,True
9869,2025,Interlagos,2025-11-09,Andrea Kimi Antonelli,0xce8872f7f02710ee873a94bc39cf497cd40c00d2c04db29826788e17f13818c0,114383188487282647657606120038217293825057391252912281725581902612237676363710,277523.199741,True,121,120,59,113,0.9917355371900827,0.48760330578512395,0.9338842975206612,138,19328.639147999995,2025-11-09 17:00:09+00:00,2025-11-09 18:59:04+00:00,prices-history,3,True
9869,2025,Interlagos,2025-11-09,Lando Norris,0xec6f2b17f2951d4f2727209c23d52084a74d419d2a6238b0281f39f27c2824d0,55566648105463185365777398521814127390609523277553181507902135774698236898863,199656.857919,True,121,120,106,120,0.9917355371900827,0.8760330578512396,0.9917355371900827,476,77460.147828,2025-11-09 17:00:08+00:00,2025-11-09 18:59:04+00:00,prices-history,4,True
9869,2025,Interlagos,2025-11-09,Oscar Piastri,0xb4e69a66e677d5df1cebb184c156246a6ceff0479df426a54ea5aa46a3b6a5d5,31454167113885066643126594549141331135338650350706707920886992026820733306303,112303.903886,True,121,120,48,103,0.9917355371900827,0.39669421487603307,0.8512396694214877,131,34343.296554,2025-11-09 17:00:17+00:00,2025-11-09 18:59:05+00:00,prices-history,5,True
9869,2025,Interlagos,2025-11-09,Charles Leclerc,0x42e5ae04f57aa54a0fa7e3e9b7ce2f9523736ec9e97a8d972c11151e2229c7e3,49902559289741593420138410727042102604799615029375890322758359726587524101303,64610.522478,True,121,120,7,24,0.9917355371900827,0.05785123966942149,0.19834710743801653,41,10279.317221000001,2025-11-09 17:00:07+00:00,2025-11-09 18:59:04+00:00,prices-history,6,True
9869,2025,Interlagos,2025-11-09,George Russell,0x0df97c7dd62ed8fdbc8dd194101e0df6335803bfaefb49aa612f56a0899be5cc,4723255409315713910196018858567929836312475044706635727296518538964094885554,51620.058849,True,121,120,38,90,0.9917355371900827,0.3140495867768595,0.743801652892562,94,19892.422071,2025-11-09 17:00:11+00:00,2025-11-09 18:59:04+00:00,prices-history,7,False
9869,2025,Interlagos,2025-11-09,Lewis Hamilton,0xcee87dc6c1afb86e51cced920cb20154b96563196459f32b18a63f42e98b742f,93082022081886399698337549205953888727080056418556729675899975125782961395771,31276.171172,True,121,120,7,21,0.9917355371900827,0.05785123966942149,0.17355371900826447,26,7085.0,2025-11-09 17:00:11+00:00,2025-11-09 18:59:04+00:00,prices-history,8,False
9869,2025,Interlagos,2025-11-09,Fernando Alonso,0xed537624c2cd916fab9ab01584b3a1b3df987fd3cf848cad882c22b61628f13e,77115149572260844754718097632932195110007884727742094055968772250374277261376,26778.681,True,121,120,1,6,0.9917355371900827,0.008264462809917356,0.049586776859504134,1,35.0,2025-11-09 17:00:13+00:00,2025-11-09 18:59:05+00:00,prices-history,9,False
9869,2025,Interlagos,2025-11-09,Oliver Bearman,0x0f4af5e3a095ae13a2c17e79baed374d25ee338c6386f7bdca180d798758b447,92524488804578404443832877670563606406614951868120514171504735941062809647472,20644.024123,True,121,120,7,23,0.9917355371900827,0.05785123966942149,0.19008264462809918,37,6369.0,2025-11-09 17:00:09+00:00,2025-11-09 18:59:04+00:00,prices-history,10,False
9869,2025,Interlagos,2025-11-09,Esteban Ocon,0x5a6868ffca3b86c7e781ed529285ebf37c8404ce591063cff7ac25b0975f0dda,69348831967828818363081069908202738611569980652579956695773433145775108542994,19010.56996,True,121,120,9,23,0.9917355371900827,0.0743801652892562,0.19008264462809918,41,6393.0,2025-11-09 17:00:06+00:00,2025-11-09 18:59:04+00:00,prices-history,11,False
9869,2025,Interlagos,2025-11-09,Isack Hadjar,0xabd6b7eac71deb84960b51280cb197b509b3d52d706e138d6b90eb9ffc307aa1,11637039844042714469618620382628832998518083190178653840184508096130553466308,18733.803105,True,121,120,12,34,0.9917355371900827,0.09917355371900827,0.2809917355371901,47,12454.51,2025-11-09 17:00:20+00:00,2025-11-09 18:59:06+00:00,prices-history,12,False
9869,2025,Interlagos,2025-11-09,Carlos Sainz Jr.,0xa00b573218bfd087ce0b631ce6e342d6bf833990403e41f49ef9e1fba2f765e6,2612424195589306549715332479510014465199512057839458690740681721965679444479,18683.6495,True,121,120,2,8,0.9917355371900827,0.01652892561983471,0.06611570247933884,7,35.0,2025-11-09 17:00:23+00:00,2025-11-09 18:59:06+00:00,prices-history,13,False
9869,2025,Interlagos,2025-11-09,Alexander Albon,0x9398760f0b879b5e7e9e10143149b7f6326ace865fe50eb845cb241bf361e75c,63367208666673525911806146978901057501301839941408827137268687947807069802150,17849.218,True,121,120,3,15,0.9917355371900827,0.024793388429752067,0.12396694214876033,8,70.0,2025-11-09 17:00:26+00:00,2025-11-09 18:59:06+00:00,prices-history,14,False
9869,2025,Interlagos,2025-11-09,Franco Colapinto,0x0b343141aae651ffb26aaaa8fb26197e8bdeaaffa98a0dfb75e652fda099f811,51861808128696130010422400834885654647079165250477078877214997503508102171072,11286.602583,True,121,120,3,18,0.9917355371900827,0.024793388429752067,0.1487603305785124,9,1135.0,2025-11-09 17:00:29+00:00,2025-11-09 18:59:07+00:00,prices-history,15,False
9869,2025,Interlagos,2025-11-09,Pierre Gasly,0x3cb43d159b3d75f9cd76f029d0c791aed9b30bece341af6daba11e798d34e766,44959991294898798140945351321761861461160427372749298966079080674596375589475,10525.168666,True,121,120,1,6,0.9917355371900827,0.008264462809917356,0.049586776859504134,7,35.0,2025-11-09 17:00:12+00:00,2025-11-09 18:59:04+00:00,prices-history,16,False
9869,2025,Interlagos,2025-11-09,Liam Lawson,0x2e76b2a209c8b89451a8b7defd18e6986c10a258cb3263a0975fe80de219ebab,78829067715900402478350403973365079939282949434006350521959678954308416923500,10446.066,True,121,120,1,6,0.9917355371900827,0.008264462809917356,0.049586776859504134,7,35.0,2025-11-09 17:00:10+00:00,2025-11-09 18:59:04+00:00,prices-history,17,False
9869,2025,Interlagos,2025-11-09,Jack Doohan,0x3c67c2708cf7642ff360cc3a773341dc184124b4c4d31409aabc23eb103752a8,85972854018975415012110682945575156369546610115216076482772546364615110845430,8901.6494,True,121,120,2,12,0.9917355371900827,0.01652892561983471,0.09917355371900827,8,45.0,2025-11-09 17:00:27+00:00,2025-11-09 18:59:06+00:00,prices-history,18,False
9869,2025,Interlagos,2025-11-09,Nico Hulkenberg,0x1eb79754c5e7ef2e2c5780b27be6d12d65c0a28e1755abdb5244e8db30140abf,81466142673541535874097888579952373659541117498698270355320171335110877481572,7283.057,True,121,120,1,6,0.9917355371900827,0.008264462809917356,0.049586776859504134,7,35.0,2025-11-09 17:00:14+00:00,2025-11-09 18:59:05+00:00,prices-history,19,False
9869,2025,Interlagos,2025-11-09,Lance Stroll,0xec4035d31d36827b3f31199f36ea67d2fe419f9afd86f0d74229877908ea7223,528087790728790036043538335897822435349713182060233753999635839814204223643,4934.944,False,121,120,2,7,0.9917355371900827,0.01652892561983471,0.05785123966942149,7,35.0,2025-11-09 17:00:25+00:00,2025-11-09 18:59:06+00:00,prices-history,20,False
9869,2025,Interlagos,2025-11-09,Yuki Tsunoda,0x5f45b28f379e02201ed0b62618ff53544023317a00620220fbb6c84ef014c19d,35746923443948413055933365897494391477818996347733021324013324737036219546342,4509.525571,False,121,120,1,6,0.9917355371900827,0.008264462809917356,0.049586776859504134,7,35.0,2025-11-09 17:00:04+00:00,2025-11-09 18:59:03+00:00,prices-history,21,False
9858,2025,Las Vegas,2025-11-23,Max Verstappen,0x9c2852b25ddd9ca62faf00a70518ee305366f78fc4a8a8e3e3350840b95d93ed,98891225760406420308224544520699394808561833053357157359256204387497092697071,253296.412114,True,121,120,101,119,0.9917355371900827,0.8347107438016529,0.9834710743801653,430,92935.308755,2025-11-23 04:00:07+00:00,2025-11-23 05:59:05+00:00,prices-history,1,True
9858,2025,Las Vegas,2025-11-23,Lando Norris,0x4e3eeac9ee14cefc088c700e32710281b9681807a852a5850d13fabbf74ab452,61681741138634792092962779586082810652141712064017122939528189711509794267238,196264.847209,True,121,120,78,108,0.9917355371900827,0.6446280991735537,0.8925619834710744,291,51331.707108,2025-11-23 04:00:14+00:00,2025-11-23 05:59:08+00:00,prices-history,2,True
9858,2025,Las Vegas,2025-11-23,George Russell,0xe0c0e429546a295c7116cb7e284b5e7bf06c6d87c751446cb6727c164be4b443,43824133295176585043633731421302313038961923569115894869650660131070362500993,88472.070978,True,121,120,50,84,0.9917355371900827,0.4132231404958678,0.6942148760330579,159,11481.797989,2025-11-23 04:00:13+00:00,2025-11-23 05:59:08+00:00,prices-history,3,True
9858,2025,Las Vegas,2025-11-23,Oscar Piastri,0xdb05b1b0c2eddf6086b78e1b57ccc6e40ab116059b30c7170ec2af3128930534,53859009332414193031982271376845876426880910201063178446654715912592367815863,54155.477873,True,121,120,47,115,0.9917355371900827,0.3884297520661157,0.9504132231404959,54,18176.387029999998,2025-11-23 04:00:11+00:00,2025-11-23 05:59:06+00:00,prices-history,4,True
9858,2025,Las Vegas,2025-11-23,Carlos Sainz Jr.,0xe32ba43bdddbea1ce993ad218b5987bad8670e4f1f0c0b7cccc9b7bc0a30b80d,88848657481832635292268137702283573825339553239841538626951708971043832304034,31302.365425,True,121,120,27,81,0.9917355371900827,0.2231404958677686,0.6694214876033058,29,2293.1597930000003,2025-11-23 04:00:12+00:00,2025-11-23 05:59:07+00:00,prices-history,5,True
9858,2025,Las Vegas,2025-11-23,Charles Leclerc,0xa30059276773fe830d03d53c665af038281d1cf1708a4763967bb30a44791fbd,23437113808718707378518142506661925242928328972867738829827004613467771754514,25559.81573,True,121,120,25,62,0.9917355371900827,0.2066115702479339,0.512396694214876,27,3784.194544,2025-11-23 04:00:11+00:00,2025-11-23 05:59:07+00:00,prices-history,6,True
9858,2025,Las Vegas,2025-11-23,Lewis Hamilton,0x1d8803b69d51d7c978be3a343847d46cab6a15e216a730a92efc6bb22da92a5e,107356759791024061401189187182168416251040980580831670669928217764295417711331,25431.46013,True,121,120,0,0,0.9917355371900827,0.0,0.0,0,0.0,2025-11-23 04:00:12+00:00,2025-11-23 05:59:07+00:00,prices-history,7,False
9858,2025,Las Vegas,2025-11-23,Andrea Kimi Antonelli,0xceeebb57cea0d41b9ca0a755ebb3357bcdd806b49786d4dec4c03dfd40ce92cc,33968891554811981334412310019659118217848174764564652569560109730152852667823,23807.033617,True,121,120,0,0,0.9917355371900827,0.0,0.0,0,0.0,2025-11-23 04:00:13+00:00,2025-11-23 05:59:07+00:00,prices-history,8,False
9858,2025,Las Vegas,2025-11-23,Gabriel Bortoleto,0x3610f6c52f11de27c2b1fe2dc1bdd4c197f6f9d27df9ace09b27ccd9b5674d37,76254363123156776560483223691628121495426726994800647836306970594296751331684,17351.367829,True,121,120,0,0,0.9917355371900827,0.0,0.0,0,0.0,2025-11-23 04:00:11+00:00,2025-11-23 05:59:07+00:00,prices-history,9,False
9858,2025,Las Vegas,2025-11-23,Fernando Alonso,0x36daf054e3087e364a1e546076ce2e64bc8d4aed2e89746198b1260be95ed5a6,97214586448351148636000373682362150193197992788485032313193057820228099789641,13559.142778,True,121,120,7,26,0.9917355371900827,0.05785123966942149,0.21487603305785125,8,645.0699999999999,2025-11-23 04:00:10+00:00,2025-11-23 05:59:06+00:00,prices-history,10,False
9858,2025,Las Vegas,2025-11-23,Franco Colapinto,0x9f989bae5e0cfff07881532b5009e80a0d95d13188d31952dcccbdf8d617f637,16686320795329534506641423063372640298726111421479879064704460330184483618001,11694.300081,True,121,120,0,0,0.9917355371900827,0.0,0.0,0,0.0,2025-11-23 04:00:06+00:00,2025-11-23 05:59:05+00:00,prices-history,11,False
9858,2025,Las Vegas,2025-11-23,Esteban Ocon,0xebbadc2b91f8f6b0ddca9c396342c6491e2047353091b9e78c2a055d8274e05d,49817906053325682976807985388910882162914597305849774611307570913928370726804,9180.43782,True,121,120,2,12,0.9917355371900827,0.01652892561983471,0.09917355371900827,2,281.037944,2025-11-23 04:00:07+00:00,2025-11-23 05:59:05+00:00,prices-history,12,False
9858,2025,Las Vegas,2025-11-23,Pierre Gasly,0x5e95f7b5c3da2aab6a37664c710393a4ca26dbd1a31423f8e4507512526f799c,50744979822143927899248849046056383134874790540681288175048090659144340413284,7845.463759,True,121,120,0,0,0.9917355371900827,0.0,0.0,0,0.0,2025-11-23 04:00:07+00:00,2025-11-23 05:59:05+00:00,prices-history,13,False
9858,2025,Las Vegas,2025-11-23,Nico Hulkenberg,0x299f3a29d6f9d19ea3962833e596a3ead27fa75088470e4998859e5ffcf9cebb,36249753885919825650185055199929350976377115619752722767177180775302089701365,7023.455409,True,121,120,0,0,0.9917355371900827,0.0,0.0,0,0.0,2025-11-23 04:00:12+00:00,2025-11-23 05:59:07+00:00,prices-history,14,False
9858,2025,Las Vegas,2025-11-23,Lance Stroll,0x3a5f7222832bfb6fa9f5c70af4b4fb24d42d66cff769a7eb1e12adb635e12e29,88524156146967133750439098675707580860362678232445646547551847968313601969483,6825.795264,True,121,120,0,0,0.9917355371900827,0.0,0.0,0,0.0,2025-11-23 04:00:09+00:00,2025-11-23 05:59:06+00:00,prices-history,15,False
9858,2025,Las Vegas,2025-11-23,Liam Lawson,0x68bd1e6183267447809e1af962d0cc56a5ac26cb191b69c66b5f80cf244be3a1,76023745882759472820176724547320750996849284188110904961146288556407761338821,6748.838058,True,121,120,0,0,0.9917355371900827,0.0,0.0,0,0.0,2025-11-23 04:00:09+00:00,2025-11-23 05:59:06+00:00,prices-history,16,False
9858,2025,Las Vegas,2025-11-23,Oliver Bearman,0x034113af60427556703aedd8e675e79140a8744ba78dfee55e6ca984e4c18fc5,75778438302535947794992246664211005629282441695553333676276242753734343039563,6632.578692,True,121,120,1,6,0.9917355371900827,0.008264462809917356,0.049586776859504134,1,20.49,2025-11-23 04:00:09+00:00,2025-11-23 05:59:06+00:00,prices-history,17,False
9858,2025,Las Vegas,2025-11-23,Isack Hadjar,0x7942e06fe12320046b02242fa4231deb13000879a7ce6b5be574c603bf4b70bc,34354913077395055539607571788308118085593087801620430592298092518501850368144,6105.700021,True,121,120,1,6,0.9917355371900827,0.008264462809917356,0.049586776859504134,1,20.49,2025-11-23 04:00:11+00:00,2025-11-23 05:59:07+00:00,prices-history,18,False
9858,2025,Las Vegas,2025-11-23,Alexander Albon,0x02e9e0e80d8c85e8842264da5870fa2b23dd3aaf24a554bc383e660233eabe9c,72807854368632064982933194719379676177883323552352972892208522932724641221576,4675.508237,False,121,120,0,0,0.9917355371900827,0.0,0.0,0,0.0,2025-11-23 04:00:06+00:00,2025-11-23 05:59:04+00:00,prices-history,19,False
9858,2025,Las Vegas,2025-11-23,Jack Doohan,0xeb367ab4975e273859b3aea18b734023af20cbd780eb59430ae99ef342a3e9af,41781277719439397195349361248748615308662973564286298276828004262687193554259,4396.353,False,121,120,0,0,0.9917355371900827,0.0,0.0,0,0.0,2025-11-23 04:00:09+00:00,2025-11-23 05:59:06+00:00,prices-history,20,False
9858,2025,Las Vegas,2025-11-23,Yuki Tsunoda,0x23725211613de5d3432b359c4ac7d299a01be7266ed3afe985b7e064c5438480,89511908007366028092474949214751070465033582006039450435848601692608175502655,3979.101241,False,121,120,0,0,0.9917355371900827,0.0,0.0,0,0.0,2025-11-23 04:00:14+00:00,2025-11-23 05:59:08+00:00,prices-history,21,False
9850,2025,Lusail,2025-11-30,Max Verstappen,0xfd820623aca6331d297adec80ea1be3cbc84040e023e5b482563d6624a18c026,17491925250567582211449197393819643594554278054495521971459796832080444985532,701557.891731,True,121,120,108,121,0.9917355371900827,0.8925619834710744,1.0,969,213085.114084,2025-11-30 16:00:40+00:00,2025-11-30 17:59:08+00:00,prices-history,1,True
9850,2025,Lusail,2025-11-30,Lando Norris,0xbae16a4f83df45b8c842821ef4e70c9b106abefffc9055c2f3412e8d33950d16,13568158891947474211945265178160614774528096810338316156391190283529985321057,441953.566513,True,121,120,81,115,0.9917355371900827,0.6694214876033058,0.9504132231404959,354,62972.08109199999,2025-11-30 16:00:24+00:00,2025-11-30 17:59:06+00:00,prices-history,2,True
9850,2025,Lusail,2025-11-30,Oscar Piastri,0x5d1a5ef7644054d0f4fddd05678c0bda98d02308ea1dfe4aa8699399da64291a,52951058401428623866637583790342033474611409977055848032068048925508195648115,411946.617214,True,121,120,97,121,0.9917355371900827,0.8016528925619835,1.0,854,126134.12457900001,2025-11-30 16:00:33+00:00,2025-11-30 17:59:07+00:00,prices-history,3,True
9850,2025,Lusail,2025-11-30,George Russell,0x49fed4edc7e893f21a39ff425df1e3aa4047771c922fdeae4b0dbc7802bc2804,103634912073653332116878180824623285322604393978251571777163177178081066310521,105834.981568,True,121,120,15,42,0.9917355371900827,0.12396694214876033,0.34710743801652894,26,7449.649931,2025-11-30 16:00:30+00:00,2025-11-30 17:59:07+00:00,prices-history,4,True
9850,2025,Lusail,2025-11-30,Andrea Kimi Antonelli,0xe4c5f9187314806e29c523dd1e2d420ed9fca2a135049d126ca7e7b701359a93,6115645027306110404386476043027507337851203545500733182566960225427928284986,39977.36372,True,121,120,37,57,0.9917355371900827,0.30578512396694213,0.47107438016528924,85,7083.089909,2025-11-30 16:00:22+00:00,2025-11-30 17:59:06+00:00,prices-history,5,True
9850,2025,Lusail,2025-11-30,Lewis Hamilton,0xa3a1ad54c21115cb515da0181021d8ca7956380dbd7b063fe16d61747d0d4267,104989276083184439754351266451843053811347012132977790257710941939076360509487,18192.894034,True,121,120,0,0,0.9917355371900827,0.0,0.0,0,0.0,2025-11-30 16:00:24+00:00,2025-11-30 17:59:06+00:00,prices-history,6,True
9850,2025,Lusail,2025-11-30,Fernando Alonso,0xa2140215dcb1f5af2441ba74a4eab30e8b360d5edac4d7a7b9c6e5b662dc8cd3,81501896320650134065108754234858728892030404257976912272333084141977993749428,16989.498114,True,121,120,0,0,0.9917355371900827,0.0,0.0,0,0.0,2025-11-30 16:00:42+00:00,2025-11-30 17:59:08+00:00,prices-history,7,False
9850,2025,Lusail,2025-11-30,Charles Leclerc,0xf25b51697915ded5038b2f39b430980ee06ac14fc6c38246a9fc4c2fc1d488c6,14079166235331647842275814093477335371920304322582180293294504662140923654012,16424.423828,True,121,120,9,30,0.9917355371900827,0.0743801652892562,0.24793388429752067,11,3837.195,2025-11-30 16:00:24+00:00,2025-11-30 17:59:06+00:00,prices-history,8,False
9850,2025,Lusail,2025-11-30,Lance Stroll,0x3dd5f6dc1e831d42266cf2348cb966a0fac1e2203ce40a3516d8dee873b2029b,51357931600325176898007912995822832695114011389148484180110255312392413207828,11322.770894,True,121,120,0,0,0.9917355371900827,0.0,0.0,0,0.0,2025-11-30 16:00:18+00:00,2025-11-30 17:59:05+00:00,prices-history,9,False
9850,2025,Lusail,2025-11-30,Carlos Sainz Jr.,0xbb010261ec26bf25a29c526a2202d244e2cc59fd619644274c1500a90149d878,95848609800918173756277529017939754386860301103046367150637832099099183489162,11178.937256,True,121,120,9,34,0.9917355371900827,0.0743801652892562,0.2809917355371901,12,965.6566659999999,2025-11-30 16:00:33+00:00,2025-11-30 17:59:07+00:00,prices-history,10,False
9850,2025,Lusail,2025-11-30,Franco Colapinto,0x81e644df337da9824cbbf0d4c38321b372c1244ebb96f5318e5b26d2f24c7ffd,11470698555272844411004411298652164468116398890673456930154342024265751706920,9022.509942,True,121,120,0,0,0.9917355371900827,0.0,0.0,0,0.0,2025-11-30 16:00:36+00:00,2025-11-30 17:59:07+00:00,prices-history,11,False
9850,2025,Lusail,2025-11-30,Jack Doohan,0xb081e971a9e678a91ef4431c681d1934cb62f914474df243c7afbd972e73c1f6,32845145980024325130486847856827901442332246327651613524519263405280193012820,8251.026547,True,121,120,0,0,0.9917355371900827,0.0,0.0,0,0.0,2025-11-30 16:00:27+00:00,2025-11-30 17:59:06+00:00,prices-history,12,False
9850,2025,Lusail,2025-11-30,Esteban Ocon,0x4bfc13857dcd1e63cf2db420cf67fdbfb41501e6d18bfc7cd9f722f53ffde0d8,16018267388871203094384588709307172991916089772437527334520034090164214606682,7445.438,True,121,120,0,0,0.9917355371900827,0.0,0.0,0,0.0,2025-11-30 16:00:45+00:00,2025-11-30 17:59:09+00:00,prices-history,13,False
9850,2025,Lusail,2025-11-30,Liam Lawson,0x4083f0f1e52957f6238e7e2986873895e6c5722c1eb9deea2b0a5c6a940f7b8c,42084158184795657515110945596966709362427741355422437305616879449496489913174,5611.845741,True,121,120,0,0,0.9917355371900827,0.0,0.0,0,0.0,2025-11-30 16:00:41+00:00,2025-11-30 17:59:08+00:00,prices-history,14,False
9850,2025,Lusail,2025-11-30,Isack Hadjar,0x9445b94ab923ec316ac212d0dc919aada48b28cf65a9508fbe9e8d186364ca0c,87377203419311500793013652576625339550417313901365211726241208647470854795541,5396.906382,True,121,120,0,0,0.9917355371900827,0.0,0.0,0,0.0,2025-11-30 16:00:40+00:00,2025-11-30 17:59:08+00:00,prices-history,15,False
9850,2025,Lusail,2025-11-30,Gabriel Bortoleto,0x620d9418f4d92c90ba916bca839a1e90cb438feebd25f7e574eca0822bc01693,42137969614032308037170123692392507115032216900751221971500721416244476661916,5363.230104,True,121,120,0,0,0.9917355371900827,0.0,0.0,0,0.0,2025-11-30 16:00:18+00:00,2025-11-30 17:59:05+00:00,prices-history,16,False
9850,2025,Lusail,2025-11-30,Pierre Gasly,0xaba3b081ee442ef1d4400c97e5dfbf0a8e32a12aa513548ae947ca8e9c99059c,81192591034185805736541765939452999213225449758913079243774906363937466825636,5271.168819,True,121,120,0,0,0.9917355371900827,0.0,0.0,0,0.0,2025-11-30 16:00:36+00:00,2025-11-30 17:59:07+00:00,prices-history,17,False
9850,2025,Lusail,2025-11-30,Nico Hulkenberg,0xdf2210bd8f063df621e8455f69cd96e5e63742bd81845d393f9991bd2fe5be55,102961178583258061780764613303034763168803705487558153743105708341860430367756,5232.858528,True,121,120,1,6,0.9917355371900827,0.008264462809917356,0.049586776859504134,1,375.0,2025-11-30 16:00:42+00:00,2025-11-30 17:59:08+00:00,prices-history,18,False
9850,2025,Lusail,2025-11-30,Yuki Tsunoda,0x4bd426bc5819fa2722787a8e7ed42a69c6bc1cbbf38aaf2b344cbbdc61ea273d,55278449102701255871795951413801893309502319592294259063601772350767841856618,4886.239543,False,121,120,0,0,0.9917355371900827,0.0,0.0,0,0.0,2025-11-30 16:00:42+00:00,2025-11-30 17:59:08+00:00,prices-history,19,False
9850,2025,Lusail,2025-11-30,Oliver Bearman,0x04c0e5c68c16942f25fc521e3611d552274b9b7ef878c85705cb273646faaaf1,4184617988219040947974528908212397579977873850880248446183605421082596914115,4715.475,False,121,120,0,0,0.9917355371900827,0.0,0.0,0,0.0,2025-11-30 16:00:22+00:00,2025-11-30 17:59:06+00:00,prices-history,20,False
9850,2025,Lusail,2025-11-30,Alexander Albon,0xeda766fe725ea0657144b1cdcda7a8793420bf011de51ec373d9cf1bb9ef49f2,63470635083540159127948106721160633299982831223068021589065305359708859103881,2218.979611,False,121,120,2,12,0.9917355371900827,0.01652892561983471,0.09917355371900827,2,390.0,2025-11-30 16:00:27+00:00,2025-11-30 17:59:06+00:00,prices-history,21,False
9839,2025,Yas Marina Circuit,2025-12-07,Max Verstappen,0xde8f8e0aa45bd0855f9c1d4c85b1add4aaed2cf70b682f8e883ac06d2927ce8e,22376982958416409916619551216711420358647134057678626504288624830021884171141,269527.943666,True,121,120,113,121,0.9917355371900827,0.9338842975206612,1.0,517,80640.580689,2025-12-07 13:00:13+00:00,2025-12-07 14:59:09+00:00,prices-history,1,True
9839,2025,Yas Marina Circuit,2025-12-07,Lando Norris,0xaae33481bb0c766e9f08deb2ac1f4c5efda2c38e482057f35ab1f2a1f2e97650,50699616304892247043961694810426072149405324272321603171668118349394792586558,108221.946591,True,121,120,73,98,0.9917355371900827,0.6033057851239669,0.8099173553719008,194,31038.041287,2025-12-07 13:00:16+00:00,2025-12-07 14:59:10+00:00,prices-history,2,True
9839,2025,Yas Marina Circuit,2025-12-07,Oscar Piastri,0x49dc175c462f4bd234974e592dd389abdfec5741c7fc580fad305b6b46eb48c5,17037976775900519301480024616965464232806744636251900315327196856340364334716,107928.953636,True,121,120,81,104,0.9917355371900827,0.6694214876033058,0.859504132231405,346,55485.429942,2025-12-07 13:00:16+00:00,2025-12-07 14:59:10+00:00,prices-history,3,True
9839,2025,Yas Marina Circuit,2025-12-07,George Russell,0x81b41b68acd6529721bbd3b6a263a0751807cc94df40919382cc55191bdf54c8,90335635479044255237101360697284305254350659892704855228746145431658434926670,47958.410968,True,121,120,22,61,0.9917355371900827,0.18181818181818182,0.5041322314049587,35,849.023404,2025-12-07 13:00:16+00:00,2025-12-07 14:59:10+00:00,prices-history,4,True
9839,2025,Yas Marina Circuit,2025-12-07,Charles Leclerc,0x9db9a7fd8681e6782b7c6d02d2e2cd89280af92fcfb09166bd4d5b6a8f4d625b,101674013258941356936831861564012463656107172681151829696522180017763609201728,17967.541989,True,121,120,34,64,0.9917355371900827,0.2809917355371901,0.5289256198347108,67,3535.994469,2025-12-07 13:00:15+00:00,2025-12-07 14:59:10+00:00,prices-history,5,True
9839,2025,Yas Marina Circuit,2025-12-07,Lewis Hamilton,0xeebd9942091cf6fd041e0efc852af006b3a06054a883772b0500b3ce639d07c4,38913433248069488000336645029730785562970215911488363397803179283512992086619,14981.749093,True,121,120,1,6,0.9917355371900827,0.008264462809917356,0.049586776859504134,1,50.0,2025-12-07 13:00:12+00:00,2025-12-07 14:59:08+00:00,prices-history,6,True
9839,2025,Yas Marina Circuit,2025-12-07,Jack Doohan,0x2b9327b73c10865065b497302663ceae46d529a14b79d59386150f0f37176506,111408470243876223911557001453293037586878364654223309473517980137249666638069,14814.132764,True,121,120,3,13,0.9917355371900827,0.024793388429752067,0.10743801652892562,3,12297.52,2025-12-07 13:00:14+00:00,2025-12-07 14:59:09+00:00,prices-history,7,False
9839,2025,Yas Marina Circuit,2025-12-07,Andrea Kimi Antonelli,0xf1833fc84ae1bf59c38fd099bf9a06909e61520a14f74e712f6f8723a056eaa3,85707684359966255052048069271318459668885352608618804548550432889552193635226,14381.703393,True,121,120,0,0,0.9917355371900827,0.0,0.0,0,0.0,2025-12-07 13:00:12+00:00,2025-12-07 14:59:09+00:00,prices-history,8,False
9839,2025,Yas Marina Circuit,2025-12-07,Fernando Alonso,0xe8306478a4d7d56d5601620e803bbd929b8cc7319cbed4d6e8f34bb8fb635f2c,40733583428845214132925238494322631803467001799699343355854288169103568948256,8763.503526,True,121,120,1,6,0.9917355371900827,0.008264462809917356,0.049586776859504134,1,30.816325,2025-12-07 13:00:10+00:00,2025-12-07 14:59:08+00:00,prices-history,9,False
9839,2025,Yas Marina Circuit,2025-12-07,Carlos Sainz Jr.,0x842bf8d099944d96b58ab792e9d400e0df849e44138c840832dcaa4131f068f8,13186754225303925344158916753821179109995027737425040825605876331348043201890,5385.524415,True,121,120,0,0,0.9917355371900827,0.0,0.0,0,0.0,2025-12-07 13:00:16+00:00,2025-12-07 14:59:10+00:00,prices-history,10,False
9839,2025,Yas Marina Circuit,2025-12-07,Oliver Bearman,0x676e1024b122fb51a88eb9b6a413a0d7746d1cc1424f5a35fe5bb446dcfb1a43,2366551862881319495394873181639314059145721378000042612348226981110792004065,5282.15,True,121,120,0,0,0.9917355371900827,0.0,0.0,0,0.0,2025-12-07 13:00:15+00:00,2025-12-07 14:59:10+00:00,prices-history,11,False
9839,2025,Yas Marina Circuit,2025-12-07,Alexander Albon,0x1810cb044e2b65eb78c3872692b403dbde565db8a2d9c3f70ef61153bd63e0c7,4203853828418184335842271265629206757989987993589984012891932475003631819091,4661.52,False,121,120,0,0,0.9917355371900827,0.0,0.0,0,0.0,2025-12-07 13:00:12+00:00,2025-12-07 14:59:09+00:00,prices-history,12,False
9839,2025,Yas Marina Circuit,2025-12-07,Liam Lawson,0x418e3c0966a50be0dae6afbc0a7ffe2a2cb74e1259e43772560427f8212ffb0b,45487044146258020932148941665844922915432985297771172203581818387801435868024,247.804,False,121,120,0,0,0.9917355371900827,0.0,0.0,0,0.0,2025-12-07 13:00:13+00:00,2025-12-07 14:59:09+00:00,prices-history,13,False
9839,2025,Yas Marina Circuit,2025-12-07,Isack Hadjar,0x562a858eb04df374e76865a4c81788b1d7455930389f59a9bd1d834557e5505f,38465742912163603609769407904436498632384974885631223857571552797827704115309,246.604,False,121,120,0,0,0.9917355371900827,0.0,0.0,0,0.0,2025-12-07 13:00:06+00:00,2025-12-07 14:59:06+00:00,prices-history,14,False
9839,2025,Yas Marina Circuit,2025-12-07,Franco Colapinto,0x50e46fd5022564f2da863def73c551dbd8e352f8d1a24034e407e031d1f2d36c,75694048966917403472943748690165399708986831424825617771315510969517187306320,246.538774,False,121,120,0,0,0.9917355371900827,0.0,0.0,0,0.0,2025-12-07 13:00:11+00:00,2025-12-07 14:59:08+00:00,prices-history,15,False
9839,2025,Yas Marina Circuit,2025-12-07,Esteban Ocon,0x2467c8271fa9b2797d6349b6e024dd840ee814f3bbfff4bb070e11ff9681fd84,63083332934166715485673342666187405763963532247667900070946593621818279188904,196.840896,False,121,120,0,0,0.9917355371900827,0.0,0.0,0,0.0,2025-12-07 13:00:14+00:00,2025-12-07 14:59:09+00:00,prices-history,16,False
9839,2025,Yas Marina Circuit,2025-12-07,Pierre Gasly,0xdad5580ee3bbfaba3c9b5a6b42bb7efd3de9d6cad6430cda2258fdf925acbe27,99914391100988654433012789348539519373684621222640683465482456265065850281032,181.222,False,121,120,0,0,0.9917355371900827,0.0,0.0,0,0.0,2025-12-07 13:00:15+00:00,2025-12-07 14:59:10+00:00,prices-history,17,False
9839,2025,Yas Marina Circuit,2025-12-07,Nico Hulkenberg,0x6acc6aba4d4c16e586ff5f10630046121caa68aecd519251947c244ec5b52c6c,69841565236913760402797268704690612999040366845622633728557809461025012652695,160.8,False,121,120,0,0,0.9917355371900827,0.0,0.0,0,0.0,2025-12-07 13:00:14+00:00,2025-12-07 14:59:09+00:00,prices-history,18,False
9839,2025,Yas Marina Circuit,2025-12-07,Gabriel Bortoleto,0x0fe4340f9e1fc0a64ac11834a97b36ffbec654a930b1b68eff736b6f808c91ef,113389900933116534424273415600395594570688460000912567293121733579707581454169,146.791,False,121,120,0,0,0.9917355371900827,0.0,0.0,0,0.0,2025-12-07 13:00:07+00:00,2025-12-07 14:59:06+00:00,prices-history,19,False
9839,2025,Yas Marina Circuit,2025-12-07,Yuki Tsunoda,0x7e2622d7b324a93ed27038628a35a40d8bc5f437f21c512e0c4ef605a3f7eff5,66814568682991344219069018839199560376279585647637297223057760247612690538153,58.0,False,121,120,0,0,0.9917355371900827,0.0,0.0,0,0.0,2025-12-07 13:00:07+00:00,2025-12-07 14:59:06+00:00,prices-history,20,False
9839,2025,Yas Marina Circuit,2025-12-07,Lance Stroll,0xb6f4cde761be890baa52fa7d0cf07db6055e7eb9ca7f0855e35d7767760db545,1968833008834084278293985031697950391422301848676523998349644517330526730387,51.022,False,121,120,0,0,0.9917355371900827,0.0,0.0,0,0.0,2025-12-07 13:00:14+00:00,2025-12-07 14:59:09+00:00,prices-history,21,False
11234,2026,Melbourne,2026-03-08,Max Verstappen,0x5ef2821794539794406d331e007401ad5ee30cd51e53b90d587801fbcb997f1d,41005142221412650721290784781184153692659495547827077230508339791026534080408,0.0,False,121,120,81,116,0.9917355371900827,0.6694214876033058,0.9586776859504132,344,69715.134788,2026-03-08 04:00:26+00:00,2026-03-08 05:59:21+00:00,prices-history,1,True
11234,2026,Melbourne,2026-03-08,Isack Hadjar,0xbcb04d575866752c64128260918057973289f9add565c13c2174f4374257aa9a,32566833714382170145634996909857705264220776711708825982050471587105319738376,0.0,False,121,120,11,30,0.9917355371900827,0.09090909090909091,0.24793388429752067,46,8264.479442,2026-03-08 04:00:24+00:00,2026-03-08 05:59:19+00:00,prices-history,2,True
11234,2026,Melbourne,2026-03-08,Lewis Hamilton,0x1f02f8d8e289a668efa8e20dc20662f2aefe6dcf854a735716d7ea8b5c6faf55,95362714425424478657340400200326166191758917370613307020102622453996379357343,0.0,False,121,120,61,87,0.9917355371900827,0.5041322314049587,0.71900826446281,258,16357.647233,2026-03-08 04:00:27+00:00,2026-03-08 05:59:21+00:00,prices-history,3,True
11234,2026,Melbourne,2026-03-08,Charles Leclerc,0x2bb3b87ef5e1a97d3023f0858724e0f242a870140ca4e7755ce8c887d2724b1c,7567678392563083299657376275617132833298714368115541051089409753984543551230,0.0,False,121,120,88,107,0.9917355371900827,0.7272727272727273,0.8842975206611571,574,39325.970749,2026-03-08 04:00:26+00:00,2026-03-08 05:59:20+00:00,prices-history,4,True
11234,2026,Melbourne,2026-03-08,Lando Norris,0x9cefb4f2b6951334c3061b8c195fe0f282d37823a406d397e484e309c90e7d26,16422497419363541828037915646468454429034360513983736112243416421411451179606,0.0,False,121,120,46,74,0.9917355371900827,0.38016528925619836,0.6115702479338843,150,13945.203637999999,2026-03-08 04:00:23+00:00,2026-03-08 05:59:19+00:00,prices-history,5,True
11234,2026,Melbourne,2026-03-08,Oscar Piastri,0x5e98bd938e122543f327ad8d4532ef36b8b7cf35d4a01b0babdf54f17cc3908f,104692687802299180231372626989046380727513119175629724352177077369563490816809,0.0,False,121,120,4,19,0.9917355371900827,0.03305785123966942,0.15702479338842976,4,4035.51724,2026-03-08 04:00:28+00:00,2026-03-08 05:59:22+00:00,prices-history,6,True
11234,2026,Melbourne,2026-03-08,George Russell,0x981d3895def3a9a7d8c7f5efa378e55a86b12b8c805633776eb56816a37c8fd8,27090142238676115870291662883883797370945701932474722355380760730192588741454,0.0,False,121,120,108,121,0.9917355371900827,0.8925619834710744,1.0,761,105204.98973,2026-03-08 04:00:22+00:00,2026-03-08 05:59:18+00:00,prices-history,7,False
11234,2026,Melbourne,2026-03-08,Kimi Antonelli,0x61dce08cd0186932efa45e9ccbe5aaa458f290533368f69fdce1e224b4a3a4c9,76489696640135462992629716374841512495333850855503556870460573743381077710295,0.0,False,121,120,88,111,0.9917355371900827,0.7272727272727273,0.9173553719008265,372,105675.455858,2026-03-08 04:00:34+00:00,2026-03-08 05:59:25+00:00,prices-history,8,False
11234,2026,Melbourne,2026-03-08,Fernando Alonso,0x9757739c14cc788d7b7d20a439612dc011fcb2f14ff3e7c5fbedcbc017001029,38430874921801797782268254192527750387704867013813113613667524877275917245216,0.0,False,121,120,2,12,0.9917355371900827,0.01652892561983471,0.09917355371900827,2,1029.411763,2026-03-08 04:00:21+00:00,2026-03-08 05:59:18+00:00,prices-history,9,False
11234,2026,Melbourne,2026-03-08,Lance Stroll,0xcd27e2f84047014865093713df2589619218171b390720a50125ce41b89baa7f,78397958543540283605594802296065054700878082352262333674823037489403833849669,0.0,False,121,120,1,6,0.9917355371900827,0.008264462809917356,0.049586776859504134,1,1000.0,2026-03-08 04:00:27+00:00,2026-03-08 05:59:21+00:00,prices-history,10,False
11234,2026,Melbourne,2026-03-08,Pierre Gasly,0xa1f25134dea3ad5223cf66013557852963fb5dfd2543a117a75f47626baa2d23,4781477665923837538024651733214619860797892119503302199867908964467997290983,0.0,False,121,120,1,6,0.9917355371900827,0.008264462809917356,0.049586776859504134,1,735.86,2026-03-08 04:00:34+00:00,2026-03-08 05:59:25+00:00,prices-history,11,False
11234,2026,Melbourne,2026-03-08,Franco Colapinto,0xc9e1ed6b79c0a2cc54a8da7ac40f0a548a4a9bbaf764a2b4232fcb2ba4162a6c,99325966994577653892463587364685605022567387108270193612985383130512487059466,0.0,False,121,120,1,6,0.9917355371900827,0.008264462809917356,0.049586776859504134,1,1000.0,2026-03-08 04:00:23+00:00,2026-03-08 05:59:19+00:00,prices-history,12,False
11234,2026,Melbourne,2026-03-08,Oliver Bearman,0xb74f150d6b5598064201663a2d41dbd7b4da5f22f76cbd2889ba14228d699a50,103841157258263875268470767198750621837729290026846759077439299045150830349998,0.0,False,121,120,2,12,0.9917355371900827,0.01652892561983471,0.09917355371900827,2,731.052221,2026-03-08 04:00:32+00:00,2026-03-08 05:59:24+00:00,prices-history,13,False
11234,2026,Melbourne,2026-03-08,Esteban Ocon,0xfd5ea671633b652fc76d005757bb03ba3b70a64453ab5d8cbf1cc23ea4a1d5ff,107423914579171050297111894166947815203418310825869017638577120171510049454431,0.0,False,121,120,1,6,0.9917355371900827,0.008264462809917356,0.049586776859504134,1,578.12,2026-03-08 04:00:23+00:00,2026-03-08 05:59:19+00:00,prices-history,14,False
11234,2026,Melbourne,2026-03-08,Nico Hulkenberg,0xecb2cda3e864e5a6f6e6c4640b0e48f3e93ebae49a294a9ee6b851caa2326583,93363598059231838094721163905260995437528702481979528552639863165919989433988,0.0,False,121,120,2,12,0.9917355371900827,0.01652892561983471,0.09917355371900827,2,1111.111111,2026-03-08 04:00:22+00:00,2026-03-08 05:59:18+00:00,prices-history,15,False
11234,2026,Melbourne,2026-03-08,Gabriel Bortoleto,0xc1cab9c5bb90d8f3dcb3c9ce0d64a3bd13cfd4ae42280aea17abb6aa4ebce134,58092717015916201992554761790885330245211682736300072547297730617019658809082,0.0,False,121,120,2,12,0.9917355371900827,0.01652892561983471,0.09917355371900827,2,540.018812,2026-03-08 04:00:29+00:00,2026-03-08 05:59:22+00:00,prices-history,16,False
11234,2026,Melbourne,2026-03-08,Alexander Albon,0x3a00f57606d76991e719021a36e1b05d1ea9b91f3b0d91953412856b07790509,69741736482841954642636841703808343924075195611757986685264400674498881896485,0.0,False,121,120,1,6,0.9917355371900827,0.008264462809917356,0.049586776859504134,1,625.34,2026-03-08 04:00:32+00:00,2026-03-08 05:59:24+00:00,prices-history,17,False
11234,2026,Melbourne,2026-03-08,Carlos Sainz,0x547b512615ddfc1cf48696b5d2332b86a30a63643a5886a32c33b22d71bdde97,73147643356968086434415476675151542206232114219301891720269772740681430625498,0.0,False,121,120,1,6,0.9917355371900827,0.008264462809917356,0.049586776859504134,1,1000.0,2026-03-08 04:00:34+00:00,2026-03-08 05:59:25+00:00,prices-history,18,False
11234,2026,Melbourne,2026-03-08,Liam Lawson,0x1df464fe614b03234e971b715238e8dafa5cf647a737fc1426d3ab78fa9ce3ba,107559366859841618424088208795443915246307250639950385916229639861618352396281,0.0,False,121,120,2,12,0.9917355371900827,0.01652892561983471,0.09917355371900827,2,162.08791000000002,2026-03-08 04:00:25+00:00,2026-03-08 05:59:20+00:00,prices-history,19,False
11234,2026,Melbourne,2026-03-08,Arvid Lindblad,0x621b0166ed159186ce98fc5fc8703e2784fc0d1c33ab2b659f2e7488d2b78097,46295208810316396285173040461982198723115312934288205519526586731971133653004,0.0,False,121,120,3,14,0.9917355371900827,0.024793388429752067,0.11570247933884298,4,920.6929399999999,2026-03-08 04:00:33+00:00,2026-03-08 05:59:24+00:00,prices-history,20,False
11234,2026,Melbourne,2026-03-08,Sergio Pérez,0x9fce00fc541a44612aea3372aefc54686ceaf3462c7e08dab40fceb3b4455e36,8467014944930960829926127166135430595981088906583351387281885799989537223456,0.0,False,121,120,2,12,0.9917355371900827,0.01652892561983471,0.09917355371900827,2,731.6077760000001,2026-03-08 04:00:31+00:00,2026-03-08 05:59:23+00:00,prices-history,21,False
11234,2026,Melbourne,2026-03-08,Valtteri Bottas,0xc70af153fa6e196d351cda21c9e88c6ddbc21e1770f93a769d2befe83b886ee4,98645944350167885746888686866381966254844881404694288168053759523235674415152,0.0,False,121,120,1,6,0.9917355371900827,0.008264462809917356,0.049586776859504134,1,1000.0,2026-03-08 04:00:33+00:00,2026-03-08 05:59:25+00:00,prices-history,22,False
11245,2026,Shanghai,2026-03-15,Pierre Gasly,0x741860628809906e62b202da570d4dab9b5d8611557630bd6394bebc4ca7d972,75911143986843889007385116753838572613615137966908435390915479607715817703749,0.0,False,121,120,34,70,0.9917355371900827,0.2809917355371901,0.5785123966942148,85,14833.095375,2026-03-15 07:00:35+00:00,2026-03-15 08:59:28+00:00,prices-history,1,True
11245,2026,Shanghai,2026-03-15,Fernando Alonso,0x9d67cdf0c919724fc452bd0b34b839b217b4292c9f26d4c4b7c0c3a38783f65b,88397943347512673151737963183196666563932954376777134951908904829758655093908,0.0,False,121,120,0,0,0.9917355371900827,0.0,0.0,0,0.0,2026-03-15 07:00:30+00:00,2026-03-15 08:59:26+00:00,prices-history,2,True
11245,2026,Shanghai,2026-03-15,Alexander Albon,0xb5d80aa61c9eca0d1c68d2b877b46d7e8ed3da190669a4c483b8cb398bb076a3,4890275685878483018089584409155201501635071040283340662868061441737521564544,0.0,False,121,120,3,8,0.9917355371900827,0.024793388429752067,0.06611570247933884,5,55.0,2026-03-15 07:00:23+00:00,2026-03-15 08:59:22+00:00,prices-history,3,True
11245,2026,Shanghai,2026-03-15,Gabriel Bortoleto,0x48bc623a751e6f8497a713ea3d7d51c079fb01b4bd68441b2d3e8844cc789dd7,25857681148258651085788792843255736614723488465814378177826314189114982991209,0.0,False,121,120,0,0,0.9917355371900827,0.0,0.0,0,0.0,2026-03-15 07:00:22+00:00,2026-03-15 08:59:22+00:00,prices-history,4,True
11245,2026,Shanghai,2026-03-15,Sergio Perez,0xdaa8c57d2f906fc894b7d38f7fb14824cf2b5f51492fbd38b3140e2e20cab98a,42533413583575906162067408141840129005800049847470774687113142992525528687516,0.0,False,121,120,1,6,0.9917355371900827,0.008264462809917356,0.049586776859504134,1,100.0,2026-03-15 07:00:22+00:00,2026-03-15 08:59:22+00:00,prices-history,5,True
11245,2026,Shanghai,2026-03-15,Charles Leclerc,0xe748a259b617d29728662690c07922486a73662af04fdb5e82a977838066e2dc,48349034410665115682583679311743508896964367900873602052395323923424882827205,0.0,False,121,120,71,101,0.9917355371900827,0.5867768595041323,0.8347107438016529,279,23281.225623,2026-03-15 07:00:24+00:00,2026-03-15 08:59:23+00:00,prices-history,6,True
11245,2026,Shanghai,2026-03-15,Esteban Ocon,0x461da8995291a7f43ac4c7a3ea923a838c8bb0badff575867083eadca72eb51e,96354299847116785069561753300650295229283728837154295557875365860475195126856,0.0,False,121,120,0,0,0.9917355371900827,0.0,0.0,0,0.0,2026-03-15 07:00:29+00:00,2026-03-15 08:59:26+00:00,prices-history,7,False
11245,2026,Shanghai,2026-03-15,Lando Norris,0x9e9faf1cc53ab00f31565d3a05c310f38c92a9fbe617779ec45e6857e318ff34,92100430811364524427779934237517043912304422324351528304889684356672840500233,0.0,False,121,120,8,16,0.9917355371900827,0.06611570247933884,0.1322314049586777,29,8938.744,2026-03-15 07:00:38+00:00,2026-03-15 08:59:29+00:00,prices-history,8,False
11245,2026,Shanghai,2026-03-15,Andrea Kimi Antonelli,0x6da1e94025a1c2abfd7817b529deb6d87da67a2fea826ccbe8a6709c780bdb42,65167081092004375936366452100003886968504846708341439536786103491950757656047,0.0,False,121,120,113,121,0.9917355371900827,0.9338842975206612,1.0,719,116932.05000699998,2026-03-15 07:00:27+00:00,2026-03-15 08:59:24+00:00,prices-history,9,False
11245,2026,Shanghai,2026-03-15,Max Verstappen,0xb7f001211cb9141ff2cf89f06aa0b130b3aef9a1291e307a1cd185810bd0895e,99704223508011859380448584235435417025271734000222150908304068108362816687490,0.0,False,121,120,29,66,0.9917355371900827,0.2396694214876033,0.5454545454545454,95,8698.923781000001,2026-03-15 07:00:29+00:00,2026-03-15 08:59:26+00:00,prices-history,10,False
11245,2026,Shanghai,2026-03-15,Franco Colapinto,0xac8dcbb7626414918fcc5e50ef5856a52e43b01d3ceb787b2d0073f4519acdc7,31664315658130231015094585564341298011470357419313824466599342975231008812247,0.0,False,121,120,25,48,0.9917355371900827,0.2066115702479339,0.39669421487603307,64,12789.09966,2026-03-15 07:00:30+00:00,2026-03-15 08:59:26+00:00,prices-history,11,False
11245,2026,Shanghai,2026-03-15,Carlos Sainz Jr.,0xa35fc5cc07d5655369813122cf23ee8b53aac85b9d4de19c7926356ce6b41c58,27067053382058261434832983094275824511248340753278193706013776422482821387429,0.0,False,121,120,0,0,0.9917355371900827,0.0,0.0,0,0.0,2026-03-15 07:00:27+00:00,2026-03-15 08:59:24+00:00,prices-history,12,False
11245,2026,Shanghai,2026-03-15,Nico Hulkenberg,0xa9a0081f2ea044e974afb566d7f3ae4bcd0a3ffca1c459fce53f1a8610323819,13184929963028627231729730083326709548201444146422504367869837261430914612321,0.0,False,121,120,0,0,0.9917355371900827,0.0,0.0,0,0.0,2026-03-15 07:00:23+00:00,2026-03-15 08:59:22+00:00,prices-history,13,False
11245,2026,Shanghai,2026-03-15,Valtteri Bottas,0x51ebdb43317163d9a7c118aafb1fd564771ee749c59a3ad40e0fcc715c2a8f59,31134773535046282493229850217970355425761711269914345784818465919710076055340,0.0,False,121,120,0,0,0.9917355371900827,0.0,0.0,0,0.0,2026-03-15 07:00:37+00:00,2026-03-15 08:59:29+00:00,prices-history,14,False
11245,2026,Shanghai,2026-03-15,Lewis Hamilton,0x972864076ccc735db96ab57d60ba4ce8479de54480b76aefc6984cdb95f6e45a,33879895905206021052916886389075112184233676653647028536853781819521656857800,0.0,False,121,120,88,102,0.9917355371900827,0.7272727272727273,0.8429752066115702,562,49723.11668199999,2026-03-15 07:00:24+00:00,2026-03-15 08:59:23+00:00,prices-history,15,False
11245,2026,Shanghai,2026-03-15,Oliver Bearman,0x383fd006ec98a2db0094286531a6dceb779e92a25fe5184d36de36aa1956ce1b,109175800005845969066328053666473553738382359159436502118812846269524123173854,0.0,False,121,120,6,16,0.9917355371900827,0.049586776859504134,0.1322314049586777,6,712.2300000000001,2026-03-15 07:00:28+00:00,2026-03-15 08:59:25+00:00,prices-history,16,False
11245,2026,Shanghai,2026-03-15,Oscar Piastri,0xb41a290f459f1d48652efebd9cda28880a96747b1cd24b3e40bad6374d6f1941,30064325555394615041861809375317745451445527957209990667207668807033996730678,0.0,False,121,120,8,21,0.9917355371900827,0.06611570247933884,0.17355371900826447,21,1642.38975,2026-03-15 07:00:31+00:00,2026-03-15 08:59:26+00:00,prices-history,17,False
11245,2026,Shanghai,2026-03-15,George Russell,0x1d0531f54bd0d6e7969b5e8818d754849676b5ede82c24ee853a5c6d8088fed3,19592587328635053655010168049879962039664516519966040690955625483770692662199,0.0,False,121,120,105,120,0.9917355371900827,0.8677685950413223,0.9917355371900827,805,114856.301011,2026-03-15 07:00:37+00:00,2026-03-15 08:59:29+00:00,prices-history,18,False
11245,2026,Shanghai,2026-03-15,Arvid Lindblad,0x68f4cf81ad5d47b85a6bc8c6a6e2b55c32ca0aeae7ff7be894101780d15773bf,62611024234601044222719939911074767368285118361354052009517622420471215116831,0.0,False,121,120,0,0,0.9917355371900827,0.0,0.0,0,0.0,2026-03-15 07:00:29+00:00,2026-03-15 08:59:26+00:00,prices-history,19,False
11245,2026,Shanghai,2026-03-15,Isack Hadjar,0xe487dee35b6d148a3c929a77a524be0f807772e65930fc513b67ee1119b1c4b3,87736727700878613483638880293603205345820279515459209434885931033963439135669,0.0,False,121,120,1,6,0.9917355371900827,0.008264462809917356,0.049586776859504134,2,100.0,2026-03-15 07:00:21+00:00,2026-03-15 08:59:22+00:00,prices-history,20,False
11245,2026,Shanghai,2026-03-15,Liam Lawson,0xd4aa6afc2fac9fa8a3463c915a7f75417252325997920eaa7861073697be8ae5,4587574489634583625093165833449942862908266275617657688644021065517005586927,0.0,False,121,120,0,0,0.9917355371900827,0.0,0.0,0,0.0,2026-03-15 07:00:22+00:00,2026-03-15 08:59:22+00:00,prices-history,21,False
11253,2026,Suzuka,2026-03-29,Max Verstappen,0x85310499e44214cae42d3ae7dc075c2037402e023552ebe419053d7db4b73f17,93464617639331586528453175941762514057871309292079019511583794510781295983205,465525.725041,True,121,120,27,39,0.9917355371900827,0.2231404958677686,0.32231404958677684,54,3240.828514,2026-03-29 05:00:33+00:00,2026-03-29 06:59:33+00:00,prices-history,1,True
11253,2026,Suzuka,2026-03-29,Andrea Kimi Antonelli,0x26d823a5345dcba4de3d287073befd03970fad73c487d82434dbff15df26c074,12578267315393074331175479070891798005016849456312027263827249214402835267873,335139.65111199993,True,121,119,113,121,0.9834710743801653,0.9338842975206612,1.0,984,180547.62677499998,2026-03-29 05:00:49+00:00,2026-03-29 06:59:38+00:00,prices-history,2,True
11253,2026,Suzuka,2026-03-29,George Russell,0x3b60a04b67995800db4d8693fdb5de72e48bfd7ad61587011d64bcf4629e2dfe,19035904918683293250095847667257613267790606331968337092018055657165045012017,173177.6764120001,True,121,120,91,107,0.9917355371900827,0.7520661157024794,0.8842975206611571,844,88502.194202,2026-03-29 05:00:45+00:00,2026-03-29 06:59:36+00:00,prices-history,3,True
11253,2026,Suzuka,2026-03-29,Oscar Piastri,0x619b92b1f2b33773fed7e5475ec9ec99ee71fe2f6030dcaa5d85650c2314e2ca,16561740432007708000837513670613140763639475461223706249154712957853757949003,135279.86499399983,True,121,117,103,120,0.9669421487603306,0.8512396694214877,0.9917355371900827,679,84467.76426699999,2026-03-29 05:00:55+00:00,2026-03-29 06:59:40+00:00,prices-history,4,True
11253,2026,Suzuka,2026-03-29,Charles Leclerc,0x36fd75480e8e62ab9fc13435e540f0dfc361feec76d2f8ea3d9928d3d8d90fd5,92372544561925262197518389872510716565421256972379806660908957186629385624315,114041.67495100007,True,121,116,89,111,0.9586776859504132,0.7355371900826446,0.9173553719008265,352,25854.823812000002,2026-03-29 05:01:00+00:00,2026-03-29 06:59:41+00:00,prices-history,5,True
11253,2026,Suzuka,2026-03-29,Lewis Hamilton,0xf626a00dece084ed6054225f7b54cae1de6c117814a82ae9c093bd13d807c6ea,59669863814124667215144279469055510647629013155225319441570041911214004188903,112800.97972000006,True,121,120,64,99,0.9917355371900827,0.5289256198347108,0.8181818181818182,248,24290.251766999998,2026-03-29 05:00:46+00:00,2026-03-29 06:59:37+00:00,prices-history,6,True
11253,2026,Suzuka,2026-03-29,Isack Hadjar,0xd8b1e04f5d30518cdb9722c60024d3108179686b53b7f1e7e5f3c865ff36dc85,22361715305810451625885576346794622641347436861095806507325636005727198339904,60518.524959000024,True,121,117,0,0,0.9669421487603306,0.0,0.0,0,0.0,2026-03-29 05:00:56+00:00,2026-03-29 06:59:40+00:00,prices-history,7,False
11253,2026,Suzuka,2026-03-29,Pierre Gasly,0xc0fd50a35a1572ff937af6ffb7e303b2fc95c0e5f476213d07d8a36d39311934,12699124445379497154106702699976387718376286716909833959142286105604223971400,57228.80966600006,True,121,120,7,14,0.9917355371900827,0.05785123966942149,0.11570247933884298,13,232.0,2026-03-29 05:00:46+00:00,2026-03-29 06:59:37+00:00,prices-history,8,False
11253,2026,Suzuka,2026-03-29,Lando Norris,0x3dbdbb54ce88b03f1d2e6a8d4580f862aa278c02bd5393a1ab62c17fcedd19d0,82049854995146419125110941469550869120525298548057729305976485757879691199809,50352.642861999986,True,121,120,51,92,0.9917355371900827,0.4214876033057851,0.7603305785123967,159,11014.362721000001,2026-03-29 05:00:36+00:00,2026-03-29 06:59:34+00:00,prices-history,9,False
11253,2026,Suzuka,2026-03-29,Oliver Bearman,0x559b21f8780b80dfc0f3cfc695bf8001d41e1d2b93543489cd43f8a41f31ee76,55547975164913682868321458846204895621053582312380638794159421651764128828994,20496.839353999996,True,121,120,4,9,0.9917355371900827,0.03305785123966942,0.0743801652892562,6,101.80000000000001,2026-03-29 05:00:42+00:00,2026-03-29 06:59:35+00:00,prices-history,10,False
11253,2026,Suzuka,2026-03-29,Carlos Sainz Jr.,0xf114e83a520bc865793088068a9aba10a639d0df4af4149cdd1eeae715e8b267,70674404360829210467196433420242921045732516836237449259634425593944970018493,8000.553000000001,True,121,120,0,0,0.9917355371900827,0.0,0.0,0,0.0,2026-03-29 05:00:42+00:00,2026-03-29 06:59:35+00:00,prices-history,11,False
11253,2026,Suzuka,2026-03-29,Fernando Alonso,0x9949e7f1b5da13821461cc7f43ab393446e8bfa2f3f334febb06d333594a9cce,9150312601100001939397138693330040506401550436193119770266180593500569612619,7864.328666000001,True,121,118,2,12,0.9752066115702479,0.01652892561983471,0.09917355371900827,2,10.0,2026-03-29 05:00:51+00:00,2026-03-29 06:59:39+00:00,prices-history,12,False
11253,2026,Suzuka,2026-03-29,Gabriel Bortoleto,0x19adb2af68a292252b077c12168ff02170d6f59baeb84c718acf0c18c29dc1c3,74383784430350623126263360492911608408116684907717811336054597649902217574952,6893.4285,True,121,118,2,12,0.9752066115702479,0.01652892561983471,0.09917355371900827,3,120.0,2026-03-29 05:00:50+00:00,2026-03-29 06:59:38+00:00,prices-history,13,False
11253,2026,Suzuka,2026-03-29,Sergio Perez,0x7c892d871bfbb7768156f148cefb62236bc2ef5f641f12735df0fcbe3aa2f467,28742798807035910357541417548316361639263274079716503350977292802333617288357,5192.318507000001,True,121,116,3,9,0.9586776859504132,0.024793388429752067,0.0743801652892562,5,100.0,2026-03-29 05:01:00+00:00,2026-03-29 06:59:41+00:00,prices-history,14,False
11253,2026,Suzuka,2026-03-29,Alexander Albon,0xb13dd92ab1ae920798e00bc731e0c32199d6b0d70547e58b8e3554f57f9ec09b,45427057176149073668148824741764138852780402378614319727521071260667224608546,4902.445333,False,121,120,4,15,0.9917355371900827,0.03305785123966942,0.12396694214876033,5,150.0,2026-03-29 05:00:36+00:00,2026-03-29 06:59:34+00:00,prices-history,15,False
11253,2026,Suzuka,2026-03-29,Valtteri Bottas,0x007275ac9c9b8461ee9eb806cdee40a593dbc1b77b99923050a5b7679953ffef,65665296401685930720934437442284433869568170507384926728846606955584426497346,3529.7442000000005,False,121,118,1,6,0.9752066115702479,0.008264462809917356,0.049586776859504134,1,5.0,2026-03-29 05:00:50+00:00,2026-03-29 06:59:38+00:00,prices-history,16,False
11253,2026,Suzuka,2026-03-29,Esteban Ocon,0x2af79439bb03474c07937378516d3018af8551495db808948476d9ebc62c3680,18953792253005885518466424269114277910081436218948274688024156771168387085633,3278.1615000000006,False,121,120,1,6,0.9917355371900827,0.008264462809917356,0.049586776859504134,1,5.0,2026-03-29 05:00:32+00:00,2026-03-29 06:59:32+00:00,prices-history,17,False
11253,2026,Suzuka,2026-03-29,Franco Colapinto,0x126a7d95c6423b41f9f61170a6e1cc672ce81bba7f383506cdaec2bf6447fd47,11165475551394125851917708124692913035498791488347039410454713497620844409536,0.0,False,121,120,0,0,0.9917355371900827,0.0,0.0,0,0.0,2026-03-29 05:00:45+00:00,2026-03-29 06:59:36+00:00,prices-history,18,False
11253,2026,Suzuka,2026-03-29,Nico Hulkenberg,0xc289bb28ff8e01a49cbfce1a227bd541c1570ee5aa04a5a44fcd7f06d862b83e,19645997731806235505040259052979778027386106394160831372938316523261241743642,0.0,False,121,116,0,0,0.9586776859504132,0.0,0.0,0,0.0,2026-03-29 05:01:00+00:00,2026-03-29 06:59:41+00:00,prices-history,19,False
11253,2026,Suzuka,2026-03-29,Arvid Lindblad,0x48a5b44ec4cdd06182b42c2892cbd9ecfdc675e41af750906c01e61f1e72ccbd,38478374081930078594354188823990464327215071175065328061613772278076360194881,0.0,False,121,118,0,0,0.9752066115702479,0.0,0.0,0,0.0,2026-03-29 05:00:53+00:00,2026-03-29 06:59:39+00:00,prices-history,20,False
11253,2026,Suzuka,2026-03-29,Liam Lawson,0x57ebe3b7d1d6f39b76081c339fcced0c3953737a2b3e3999353450a0a5c82a9d,17065942098629692424554526991926919511653723778509735354485402939231657089380,0.0,False,121,120,0,0,0.9917355371900827,0.0,0.0,0,0.0,2026-03-29 05:00:46+00:00,2026-03-29 06:59:37+00:00,prices-history,21,False
11280,2026,Miami,2026-05-03,Kimi Antonelli,0x11afb0e52a15490da2ad7bcbea5038c6dac2e9f0fbbd89048d69b0a393c6e3c4,106027180529859990134554338676947928564315668478221038098271113265356917896411,349807.2214630001,True,121,120,113,121,0.9917355371900827,0.9338842975206612,1.0,1132,169184.641732,2026-05-03 17:00:11+00:00,2026-05-03 18:59:07+00:00,prices-history,1,True
11280,2026,Miami,2026-05-03,Max Verstappen,0xf818eac40f641f969975da7bb6dd399789d98e6fcf1d9a308fc59d9184780b3a,60897130075168218828256875709795301570512429227488210121163345258199064955969,262665.90801500005,True,121,120,99,121,0.9917355371900827,0.8181818181818182,1.0,679,128128.38467500001,2026-05-03 17:00:08+00:00,2026-05-03 18:59:06+00:00,prices-history,2,True
11280,2026,Miami,2026-05-03,Lando Norris,0xb3fb73a5b6f40340b3ba5afc9cdab684342f55eb28c349b21abdef52944423d5,104971779484382640992287924530662635088529696808950660915133359635677516500118,215683.11679499978,True,121,120,110,121,0.9917355371900827,0.9090909090909091,1.0,1085,122957.382908,2026-05-03 17:00:06+00:00,2026-05-03 18:59:06+00:00,prices-history,3,True
11280,2026,Miami,2026-05-03,Charles Leclerc,0xfce1340307bf08b201131aa325bef272071a824db4306a3f881d40d33343d2c0,87814611062599451877576461626715735860559574707595728850405181527139677964473,119966.20360900005,True,121,120,94,116,0.9917355371900827,0.7768595041322314,0.9586776859504132,528,67875.470188,2026-05-03 17:00:09+00:00,2026-05-03 18:59:06+00:00,prices-history,4,True
11280,2026,Miami,2026-05-03,George Russell,0x7e9dcd05af695295f6c2249593f03edf0003bd5ff92068fc5c2cbd6020478bbc,27484942588249893512420526515174325160404849491497454846595905759918184678897,45131.54381400002,True,121,120,61,107,0.9917355371900827,0.5041322314049587,0.8842975206611571,167,16296.345353,2026-05-03 17:00:06+00:00,2026-05-03 18:59:06+00:00,prices-history,5,True
11280,2026,Miami,2026-05-03,Oscar Piastri,0x7a074521eafcd0c6ebecc8d806bb5fd31ffac5376320572f61fa7fea5205c55f,113663435633617685411884865844848498721112484718419903479053676507758825310831,37922.12244399996,True,121,120,65,111,0.9917355371900827,0.5371900826446281,0.9173553719008265,194,13836.973198,2026-05-03 17:00:08+00:00,2026-05-03 18:59:06+00:00,prices-history,6,True
11280,2026,Miami,2026-05-03,Lewis Hamilton,0x8bbccad14a08546702f0374ae969b1b608dedaacc9431c764898cfb8b6e92859,99006544441953986063764182488530745779777937069679539118692318366172844997273,33521.826598,True,121,120,56,109,0.9917355371900827,0.4628099173553719,0.9008264462809917,157,13580.616893999999,2026-05-03 17:00:11+00:00,2026-05-03 18:59:07+00:00,prices-history,7,False
11280,2026,Miami,2026-05-03,Pierre Gasly,0xb2584e7816bf443a9e5b22492efef2537da277a3f07e039f3c952bfca6f3bfb6,83452718542762012348706809253166527045315590550877930713133996483860805263374,10722.662141,True,121,120,10,20,0.9917355371900827,0.08264462809917356,0.1652892561983471,21,1611.5466660000002,2026-05-03 17:00:11+00:00,2026-05-03 18:59:07+00:00,prices-history,8,False
11280,2026,Miami,2026-05-03,Fernando Alonso,0xefa3d288bf17d968882462da7c0ca0c9f85612c5db49d4022a37ca141ae39b6b,60698424204153847738065377345645190367942175733843404518038695837247012739637,10227.415318,True,121,120,12,33,0.9917355371900827,0.09917355371900827,0.2727272727272727,22,1938.5975419999997,2026-05-03 17:00:06+00:00,2026-05-03 18:59:06+00:00,prices-history,9,False
11280,2026,Miami,2026-05-03,Franco Colapinto,0x5dcd09ef23f7fa82c4c24f026f04543a9bddc02daaf8ea42801b7d4699344c13,62296109743778264814941686739356301909637166970841419156694807693254543438424,9160.884238,True,121,120,19,50,0.9917355371900827,0.15702479338842976,0.4132231404958678,73,2274.4083379999997,2026-05-03 17:00:09+00:00,2026-05-03 18:59:07+00:00,prices-history,10,False
11280,2026,Miami,2026-05-03,Isack Hadjar,0x2b16e581e1dc3992c0f13358919de326ca41af3dfc88e6643eb5da481b922f9b,4563553952254088877380475615854838614185469742242613792505481687643603126063,8375.623312000002,True,121,120,10,18,0.9917355371900827,0.08264462809917356,0.1487603305785124,21,645.505833,2026-05-03 17:00:10+00:00,2026-05-03 18:59:07+00:00,prices-history,11,False
11280,2026,Miami,2026-05-03,Nico Hulkenberg,0x2971fb878c5b0a398374ff29c3561806ca9bf8b7fff18f57bca18cc986db220f,31770116134721455240133090635850530144500740950393606109251188423982822361811,6931.429306000001,True,121,120,11,29,0.9917355371900827,0.09090909090909091,0.2396694214876033,21,2048.951666,2026-05-03 17:00:11+00:00,2026-05-03 18:59:07+00:00,prices-history,12,False
11280,2026,Miami,2026-05-03,Gabriel Bortoleto,0x80c6374b6b489d5580c22f17e32c6d34be645301e94b04274de3432a65632c72,98263950999415231287262328223747644471378989186936093335801641081425697932570,6541.334454,True,121,120,22,64,0.9917355371900827,0.18181818181818182,0.5289256198347108,61,2371.078665,2026-05-03 17:00:09+00:00,2026-05-03 18:59:07+00:00,prices-history,13,False
11280,2026,Miami,2026-05-03,Esteban Ocon,0xdfec21d35d2ff0250883e2b9fd92e90cbede89bc373629fcd584bd752c5a32ab,75256251339977372073493102958501543639991937110195961278856107709291197691015,5365.002544000002,True,121,120,7,17,0.9917355371900827,0.05785123966942149,0.14049586776859505,9,320.708333,2026-05-03 17:00:09+00:00,2026-05-03 18:59:07+00:00,prices-history,14,False
11280,2026,Miami,2026-05-03,Arvid Lindblad,0x6e0191900d7222458a2e5f697e261f0f188697f292e19337482047a3b78d6ada,31154692954665746318671689523363660063906285054523892732780182211174485409575,5011.434997,True,121,120,2,8,0.9917355371900827,0.01652892561983471,0.06611570247933884,4,47.17,2026-05-03 17:00:10+00:00,2026-05-03 18:59:07+00:00,prices-history,15,False
11280,2026,Miami,2026-05-03,Oliver Bearman,0x7f78c476713c13e7512eaa5a5930f232749978687cad931263d052f7e4def58a,11980573791725954172218046242939357109242325450340324484148950864084878713982,4933.463337,False,121,120,17,48,0.9917355371900827,0.14049586776859505,0.39669421487603307,44,1041.525005,2026-05-03 17:00:10+00:00,2026-05-03 18:59:07+00:00,prices-history,16,False
11280,2026,Miami,2026-05-03,Carlos Sainz Jr.,0x286c64e829a9f8661421d4200c76f67d3ee118064ad53425df12b149cf5712f6,94476991360148208765093567552696246418960934838835483777069241713784267012167,4484.211333,False,121,120,13,38,0.9917355371900827,0.10743801652892562,0.3140495867768595,22,792.4133330000001,2026-05-03 17:00:11+00:00,2026-05-03 18:59:07+00:00,prices-history,17,False
11280,2026,Miami,2026-05-03,Liam Lawson,0x8bd66d8453598df9405474641f15329c083c11589e33df09566dc6f706dce8e1,8689627618716111710139678243906760274040335938292552198055648020861062475962,4437.592284,False,121,120,1,6,0.9917355371900827,0.008264462809917356,0.049586776859504134,1,4.84,2026-05-03 17:00:11+00:00,2026-05-03 18:59:07+00:00,prices-history,18,False
11280,2026,Miami,2026-05-03,Sergio Perez,0xa4bc743c20e2a2a103dfa0c36e24da6620e0d5cc83c65d39a2cfe8e4cf13b40c,56298679052006170829480628523363055276767676899572524858267452168239459099856,3329.371,False,121,120,1,6,0.9917355371900827,0.008264462809917356,0.049586776859504134,1,200.0,2026-05-03 17:00:09+00:00,2026-05-03 18:59:07+00:00,prices-history,19,False
11280,2026,Miami,2026-05-03,Valtteri Bottas,0x1eb05aca508e99fc2ab00383dc2e664bb7134c019a89041a155b58f44db47eaf,25957903479073312444373718624534486494537914062628368789155304225185026083283,2771.630443,False,121,120,4,18,0.9917355371900827,0.03305785123966942,0.1487603305785124,7,263.198333,2026-05-03 17:00:10+00:00,2026-05-03 18:59:07+00:00,prices-history,20,False
11280,2026,Miami,2026-05-03,Alexander Albon,0xd235e47f1fc8d90a394053e85b244d60f818fd10978b5c4a87e5c4b229693661,91822893196500564997205717306356433292229621009658355383149087820089021045832,2698.3376580000004,False,121,120,5,21,0.9917355371900827,0.04132231404958678,0.17355371900826447,8,456.60083299999997,2026-05-03 17:00:10+00:00,2026-05-03 18:59:07+00:00,prices-history,21,False
11280,2026,Miami,2026-05-03,Lance Stroll,0xb97a7d0dcc99c1207a5c63208ab1c29617411728bad7e07e27478897fdd46b74,60202466339816625156311030618269526536957873322157677168876054389202444598427,2075.332609,False,121,120,2,7,0.9917355371900827,0.01652892561983471,0.05785123966942149,3,231.980909,2026-05-03 17:00:09+00:00,2026-05-03 18:59:07+00:00,prices-history,22,False
11291,2026,Montreal,2026-05-24,Kimi Antonelli,0x9eedeb932613962b660f2cd627c8dc62055d3d3752fff4353f75fda37004543c,43190617432750983994359118324237318981718980712935563041650855565813942612236,296431.1457709999,True,121,120,111,121,0.9917355371900827,0.9173553719008265,1.0,771,133567.419989,2026-05-24 20:00:06+00:00,2026-05-24 21:59:04+00:00,prices-history,1,True
11291,2026,Montreal,2026-05-24,Max Verstappen,0x521f04be4ef32d5a5d7c6218ee448ceb4db1bb1c35c3f49ecb8b5f3822a0c803,442982738700805911632391914718328488798177633344093870761308993832766978860,137642.99019100002,True,121,120,95,113,0.9917355371900827,0.7851239669421488,0.9338842975206612,348,39478.850634,2026-05-24 20:00:03+00:00,2026-05-24 21:59:03+00:00,prices-history,2,True
11291,2026,Montreal,2026-05-24,Isack Hadjar,0x86427d84700ac83d4b9c508956186747555c01f65a8c142b36c06f7a079580a6,103024538281278491763711491121558096054854686454125513429183512633955579462528,136356.00050100006,True,121,120,19,52,0.9917355371900827,0.15702479338842976,0.4297520661157025,24,25136.789666,2026-05-24 20:00:06+00:00,2026-05-24 21:59:04+00:00,prices-history,3,True
11291,2026,Montreal,2026-05-24,George Russell,0x87b71db88c784582f19f65d15702f3ffe531478390e577db8533c22a830c3ee5,18808557133168334400078990603622157343578794498411123896640655049346107657183,133288.55002600016,True,121,120,65,95,0.9917355371900827,0.5371900826446281,0.7851239669421488,309,43998.755451000005,2026-05-24 20:00:04+00:00,2026-05-24 21:59:03+00:00,prices-history,4,True
11291,2026,Montreal,2026-05-24,Lando Norris,0x2e02b9a5ae52309ae2feaf2d8b06e6c755a20d6e450ddfa694bd28c71bf3ce22,40180641219601478815887433281571244694769407595806488599226628942018306912120,106328.19754100006,True,121,120,55,72,0.9917355371900827,0.45454545454545453,0.5950413223140496,172,45729.511326,2026-05-24 20:00:06+00:00,2026-05-24 21:59:04+00:00,prices-history,5,True
11291,2026,Montreal,2026-05-24,Lewis Hamilton,0x8a1eeb981075fa48acd539263d947c6ef586ee3d911a0e7624def290b2b2a970,8291411514978040123874884172714081225687727110190543430970180523413935139704,104801.58263300013,True,121,120,79,118,0.9917355371900827,0.6528925619834711,0.9752066115702479,211,38088.908233,2026-05-24 20:00:04+00:00,2026-05-24 21:59:03+00:00,prices-history,6,True
11291,2026,Montreal,2026-05-24,Charles Leclerc,0x8dc119f994fdc4d8a122ad4c0694064c468c816afa851abe71a984ee4762ac23,12679154599849290462597168535376407118072090739234526221671371370835787044037,68496.07262900002,True,121,120,48,109,0.9917355371900827,0.39669421487603307,0.9008264462809917,83,13742.537593,2026-05-24 20:00:06+00:00,2026-05-24 21:59:04+00:00,prices-history,7,False
11291,2026,Montreal,2026-05-24,Oscar Piastri,0x75a5dcd03cd57999053d983f04415fd08b160aa31a3b60e791a2df1ecdf42007,16152976233435781351096567699177954525999098447570421417192217975868292536548,48245.31119199998,True,121,120,31,46,0.9917355371900827,0.256198347107438,0.38016528925619836,64,6580.091017000001,2026-05-24 20:00:06+00:00,2026-05-24 21:59:04+00:00,prices-history,8,False
11291,2026,Montreal,2026-05-24,Fernando Alonso,0xa73184cbfaf2fad5b536952998c754cc9eddf69eabcecf2f70a545a6c9dcfc54,113461694618298855372283922408020017147490322098904917716421735248726453581720,9911.972847000001,True,121,120,1,6,0.9917355371900827,0.008264462809917356,0.049586776859504134,1,2000.0,2026-05-24 20:00:04+00:00,2026-05-24 21:59:03+00:00,prices-history,9,False
11291,2026,Montreal,2026-05-24,Carlos Sainz Jr.,0x39294816d1337c91dd856bab0055d3ebe30bce4322565bb0b126e28488da37f5,68118008296060601555574443973945057960525684388626515427028314032105218105818,8348.840414999999,True,121,120,1,6,0.9917355371900827,0.008264462809917356,0.049586776859504134,1,90.228333,2026-05-24 20:00:05+00:00,2026-05-24 21:59:03+00:00,prices-history,10,False
11291,2026,Montreal,2026-05-24,Lance Stroll,0xb1a32e21d3d815b5ab239d7b485df85ff35580a283c51ed8a0285b487cbbc959,28130548167209969687943891869366682360054716363032994720923786152474613544439,7697.598613999999,True,121,120,3,8,0.9917355371900827,0.024793388429752067,0.06611570247933884,4,6383.999613999999,2026-05-24 20:00:04+00:00,2026-05-24 21:59:03+00:00,prices-history,11,False
11291,2026,Montreal,2026-05-24,Oliver Bearman,0xa7f3361e5132226e7aab039240917c16d925f30de6a9f323b2a5c409754a0a55,83968526316036205639592843971277794361990975731283063289483893986700418588176,7626.8474719999995,True,121,120,1,6,0.9917355371900827,0.008264462809917356,0.049586776859504134,2,322.212222,2026-05-24 20:00:05+00:00,2026-05-24 21:59:03+00:00,prices-history,12,False
11291,2026,Montreal,2026-05-24,Pierre Gasly,0x95665fe43a7a6d2b52b498015812c88954b9e1d5f26cf5440ab6eaf7054e696f,25924457044960981847985590551743401831847923099426866323468382377221980090224,7431.400338999998,True,121,120,0,0,0.9917355371900827,0.0,0.0,0,0.0,2026-05-24 20:00:03+00:00,2026-05-24 21:59:03+00:00,prices-history,13,False
11291,2026,Montreal,2026-05-24,Franco Colapinto,0x68c71898991424f978e6c9b39c7d848a31c9d1b73f4db09fb43089af4a37d2f3,75183933549582509298345809734268085274445134244106933832107669108244775962263,7127.2651399999995,True,121,120,1,6,0.9917355371900827,0.008264462809917356,0.049586776859504134,1,2000.0,2026-05-24 20:00:04+00:00,2026-05-24 21:59:03+00:00,prices-history,14,False
11291,2026,Montreal,2026-05-24,Arvid Lindblad,0xc595225de07509f6551ce8f4f4f12a315832f66da2bb38a8d0decfb493c60496,65622242929884097607753333028507462431142768892746148761852653462589464942787,6663.385316999999,True,121,120,0,0,0.9917355371900827,0.0,0.0,0,0.0,2026-05-24 20:00:03+00:00,2026-05-24 21:59:03+00:00,prices-history,15,False
11291,2026,Montreal,2026-05-24,Alexander Albon,0x96d625985039a89c90e65428f3637f6ca9007117277eaa62441f4c5546f83091,28890450848699096265085691389416962347647331609495411209410625707264667620027,6660.932333,True,121,120,1,6,0.9917355371900827,0.008264462809917356,0.049586776859504134,1,3333.333333,2026-05-24 20:00:04+00:00,2026-05-24 21:59:03+00:00,prices-history,16,False
11291,2026,Montreal,2026-05-24,Sergio Perez,0x349583fb88b07f5ef1d6ac3420dba1876c49f9f4a4f0a3d033be8236590a79f9,18650128483982384791653767032385346302595954042793334920544081388277304834009,3677.5889999999995,False,121,120,2,8,0.9917355371900827,0.01652892561983471,0.06611570247933884,3,349.99,2026-05-24 20:00:03+00:00,2026-05-24 21:59:03+00:00,prices-history,17,False
11291,2026,Montreal,2026-05-24,Nico Hulkenberg,0x0f5e0f2ac9cf2e5bcda18ce9ee7049a53ffa6e8c3a99f1b274857833f5bdc3eb,108594371158453439233926380040662406905427335363546973147822889197153503126196,2308.5989999999997,False,121,120,0,0,0.9917355371900827,0.0,0.0,0,0.0,2026-05-24 20:00:03+00:00,2026-05-24 21:59:03+00:00,prices-history,18,False
11291,2026,Montreal,2026-05-24,Esteban Ocon,0x5be35fc5d9c86a05a8455aea24cb2e6e189c478e5cbc1f736b5fd42ca3d354b9,21660699441211682305204167986851420736666997709694168436752611995093370072950,2167.2589999999996,False,121,120,2,7,0.9917355371900827,0.01652892561983471,0.05785123966942149,2,35.980000000000004,2026-05-24 20:00:06+00:00,2026-05-24 21:59:04+00:00,prices-history,19,False
11291,2026,Montreal,2026-05-24,Liam Lawson,0x3611a1dd1e045d03a13068fbcac44f9e6e7a95ff419ca08b578fcf986ef261ad,31923597466703887912104111705606083345704960254205930166382982641146162098388,1327.5989999999997,False,121,120,0,0,0.9917355371900827,0.0,0.0,0,0.0,2026-05-24 20:00:03+00:00,2026-05-24 21:59:03+00:00,prices-history,20,False
11291,2026,Montreal,2026-05-24,Gabriel Bortoleto,0xca55017166c83b6629ec67b8cc269f0980b180cf999820366d406a61bea57113,19486086671312321082293927937542236605886237475794524891849816647900656715700,1313.5989999999997,False,121,120,0,0,0.9917355371900827,0.0,0.0,0,0.0,2026-05-24 20:00:06+00:00,2026-05-24 21:59:04+00:00,prices-history,21,False
11291,2026,Montreal,2026-05-24,Valtteri Bottas,0x56ebf300e79d418c494e4b1064b5f816c2b03e0d8845354dccdbee180a1557bd,80766097729585595646174901819949716573029089930245385118572933883096876470982,1294.5989999999997,False,121,120,0,0,0.9917355371900827,0.0,0.0,0,0.0,2026-05-24 20:00:04+00:00,2026-05-24 21:59:03+00:00,prices-history,22,False
11299,2026,Monte Carlo,2026-06-07,Kimi Antonelli,0x427a6b47590aab053b2e03423fffb5b757b8e879d639b10af496b0e76c65f62e,66393489832207840268871489816986495954171777084600153701153761050390173773230,419656.9227150004,True,121,120,118,121,0.9917355371900827,0.9752066115702479,1.0,806,130478.51321200002,2026-06-07 13:00:17+00:00,2026-06-07 14:59:03+00:00,prices-history,1,True
11299,2026,Monte Carlo,2026-06-07,Charles Leclerc,0x46208f52175f84673b68e5ab0eb0a923dd3f2b91906510e6f41998432d486950,72242299304338713759627574297802907602981462406295518815797559127101294681792,357445.0129469994,True,121,120,90,113,0.9917355371900827,0.743801652892562,0.9338842975206612,274,68996.221402,2026-06-07 13:00:17+00:00,2026-06-07 14:59:03+00:00,prices-history,2,True
11299,2026,Monte Carlo,2026-06-07,Lewis Hamilton,0x480e352167e241afcd36df63fce8bb3a6af5308e47b13262b1b437d797b86db1,59257537591670038179620140177120720107300978199987127646173806081836051514975,219824.68980599992,True,121,120,105,121,0.9917355371900827,0.8677685950413223,1.0,514,59856.008591000005,2026-06-07 13:00:17+00:00,2026-06-07 14:59:03+00:00,prices-history,3,True
11299,2026,Monte Carlo,2026-06-07,Max Verstappen,0x7a59b3b1a673ee9b1af258edeb31029750fe48e8ad8d154446c1f8a51b724fdd,12187011581347563744688860460727059785614272885467480370185719551066094042449,132263.07594199982,True,121,120,16,48,0.9917355371900827,0.1322314049586777,0.39669421487603307,57,13993.111526,2026-06-07 13:00:16+00:00,2026-06-07 14:59:03+00:00,prices-history,4,True
11299,2026,Monte Carlo,2026-06-07,Isack Hadjar,0xe8fbed5148ea09f199fac28c06084175b08223c150bd2c0d20d95ab98e3634d1,40296399014668311023217194307382348083512870958995829818560941703548072377720,109454.89824899986,True,121,120,48,68,0.9917355371900827,0.39669421487603307,0.5619834710743802,143,26984.279885,2026-06-07 13:00:17+00:00,2026-06-07 14:59:03+00:00,prices-history,5,True
11299,2026,Monte Carlo,2026-06-07,George Russell,0xf9deae61d56b06ab1d24559339d0c074a4a9cda57667bc386168dd48803d1d24,104244920796904754388845253974491195701098029552328564854810764310021155826042,101249.94597799981,True,121,120,48,91,0.9917355371900827,0.39669421487603307,0.7520661157024794,106,21679.644991,2026-06-07 13:00:18+00:00,2026-06-07 14:59:04+00:00,prices-history,6,True
11299,2026,Monte Carlo,2026-06-07,Oscar Piastri,0xd13688433cdaf55b125f65398f194f7123f981f81b9df69b966518ed918b187d,578826477558082662775668641120279207527058361091668662574424635920058858635,93782.47182799994,True,121,120,24,47,0.9917355371900827,0.19834710743801653,0.3884297520661157,55,6894.641999999999,2026-06-07 13:00:18+00:00,2026-06-07 14:59:04+00:00,prices-history,7,False
11299,2026,Monte Carlo,2026-06-07,Lando Norris,0x83b602301cd7e5b717b50e2c055d94433df638db563556209493fbc074ff8a4a,57675532514190197377823258775443578797292899515149396025799339207033680551158,74783.58789799994,True,121,120,8,15,0.9917355371900827,0.06611570247933884,0.12396694214876033,24,1010.9983309999999,2026-06-07 13:00:16+00:00,2026-06-07 14:59:03+00:00,prices-history,8,False
11299,2026,Monte Carlo,2026-06-07,Pierre Gasly,0xd8ffcd7a3d2a5a5802676db1d252bd460ae8f16826bdef56dcc270f33b3b9604,4102962180825495752825078695726623894619313324640522750370969457560176259922,23042.424938,True,121,120,5,19,0.9917355371900827,0.04132231404958678,0.15702479338842976,7,3190.43,2026-06-07 13:00:16+00:00,2026-06-07 14:59:03+00:00,prices-history,9,False
11299,2026,Monte Carlo,2026-06-07,Valtteri Bottas,0x67f8faf5e745c8f1281b814eea607d359b5e5c99dcd030ad095705390c4b5243,43259919215105092779683942854061297228276698348943729598903437083495672138477,16908.165,True,121,120,0,0,0.9917355371900827,0.0,0.0,0,0.0,2026-06-07 13:00:18+00:00,2026-06-07 14:59:04+00:00,prices-history,10,False
11299,2026,Monte Carlo,2026-06-07,Carlos Sainz Jr.,0x107862782b49491aa000880f00143878b383929d10833d270868c8b6b61c85a6,12583569779169966865971413209980217184284724104096395887982296149428931198016,16405.234678999997,True,121,120,1,6,0.9917355371900827,0.008264462809917356,0.049586776859504134,1,500.0,2026-06-07 13:00:17+00:00,2026-06-07 14:59:03+00:00,prices-history,11,False
11299,2026,Monte Carlo,2026-06-07,Gabriel Bortoleto,0xd1754484ea5f065e0337a9bb69f441d7ec32b656472e8783cb16ec421fcf9a30,57375201283606725714547829751183456661629722334214115953582666858730783133752,15747.026091000002,True,121,120,0,0,0.9917355371900827,0.0,0.0,0,0.0,2026-06-07 13:00:18+00:00,2026-06-07 14:59:03+00:00,prices-history,12,False
11299,2026,Monte Carlo,2026-06-07,Fernando Alonso,0xc0b9f46f1a7dc47f03a81bb1d0e30025d3026020f4e43fab74da65d4cf67c053,74151946313801201138442334471560608618698081070737786204363061152207545656394,14656.125544999999,True,121,120,0,0,0.9917355371900827,0.0,0.0,0,0.0,2026-06-07 13:00:18+00:00,2026-06-07 14:59:04+00:00,prices-history,13,False
11299,2026,Monte Carlo,2026-06-07,Arvid Lindblad,0xc9842f97d3c17c73c27e46cd8fe7c99a3d4c0920f1b404728bc8be94d3085530,9238904946658008109058896360422163286532741343470571123492594564149180666371,13921.646502999994,True,121,120,0,0,0.9917355371900827,0.0,0.0,0,0.0,2026-06-07 13:00:17+00:00,2026-06-07 14:59:03+00:00,prices-history,14,False
11299,2026,Monte Carlo,2026-06-07,Sergio Perez,0x2d906fa3852483eb8ba8b09cd296caca97d7089189e69cc526d6d3b72772bedd,93841939450849168367491096257016663131142412070013774610783741802652865627754,13719.352446,True,121,120,0,0,0.9917355371900827,0.0,0.0,0,0.0,2026-06-07 13:00:16+00:00,2026-06-07 14:59:03+00:00,prices-history,15,False
11299,2026,Monte Carlo,2026-06-07,Liam Lawson,0xc61ce2057a50d592c7b462d9b65b38163c32a851f06a160a3bb9278899d96ffd,82639597571761502014283768447329240063547018481861061507584519667292476447835,12048.124178000002,True,121,120,6,23,0.9917355371900827,0.049586776859504134,0.19008264462809918,7,3742.8799999999997,2026-06-07 13:00:16+00:00,2026-06-07 14:59:03+00:00,prices-history,16,False
11299,2026,Monte Carlo,2026-06-07,Franco Colapinto,0x7c638bc8b85bfac9e7a00398f96c516983a4cdf3073b98daf978fd31e1217771,45546749472918237726636293624725639534468020576928068228860602984618290658961,10560.072963999999,True,121,120,2,12,0.9917355371900827,0.01652892561983471,0.09917355371900827,2,2000.0,2026-06-07 13:00:18+00:00,2026-06-07 14:59:04+00:00,prices-history,17,False
11299,2026,Monte Carlo,2026-06-07,Nico Hulkenberg,0x2496da9f6d0c7ead1d61ce9055d4055b990f09863caafff50dbd0992e798dc71,107900376554628346367852817471960516940296711154374240907934217043318180946306,9837.437243,True,121,120,3,13,0.9917355371900827,0.024793388429752067,0.10743801652892562,7,192.19,2026-06-07 13:00:16+00:00,2026-06-07 14:59:03+00:00,prices-history,18,False
11299,2026,Monte Carlo,2026-06-07,Oliver Bearman,0x8d4be44d954722922130bc659eeacba84e0e1e6975c5ba57e5e2c859bd76573f,1991917479981956239535141986052894191566771281742487053851273364896593019036,9365.28772,True,121,120,2,12,0.9917355371900827,0.01652892561983471,0.09917355371900827,2,2000.0,2026-06-07 13:00:18+00:00,2026-06-07 14:59:03+00:00,prices-history,19,False
11299,2026,Monte Carlo,2026-06-07,Esteban Ocon,0xbb451315b4ed3ec51a9163c21d46b98b564a74724aefb94d13c488d99983c799,75866106371054153733628890206574037425243961682928199930540587872165810678069,8569.851,True,121,120,0,0,0.9917355371900827,0.0,0.0,0,0.0,2026-06-07 13:00:18+00:00,2026-06-07 14:59:04+00:00,prices-history,20,False
11299,2026,Monte Carlo,2026-06-07,Alexander Albon,0x9aa431b0b75a14f3a50377b3e87cc8c0276ee45eebb473cdd1c715184d3466bd,52253721048689529548425589367722429321455278018527931906979334897967102062797,7502.6185000000005,True,121,120,0,0,0.9917355371900827,0.0,0.0,0,0.0,2026-06-07 13:00:17+00:00,2026-06-07 14:59:03+00:00,prices-history,21,False
11299,2026,Monte Carlo,2026-06-07,Lance Stroll,0xe1ca2cbf47c23a1f6ce16d384fe919d7acfc427332b3b131412e3ccd68cf8292,23521080349938670200236521117490311212640466215284354677891830532829115561261,7116.171713,True,121,120,0,0,0.9917355371900827,0.0,0.0,0,0.0,2026-06-07 13:00:16+00:00,2026-06-07 14:59:03+00:00,prices-history,22,False
11307,2026,Catalunya,2026-06-14,Lewis Hamilton,0xf59716f62ae115c75c8e2f9f01f486147a2d0b7da6ac4f6aa8185b5936020d36,33082328102642616508387884341674977854481008522494878658105509667282596599181,263652.0531819998,True,121,120,112,121,0.9917355371900827,0.9256198347107438,1.0,1005,120387.79833300001,2026-06-14 13:00:07+00:00,2026-06-14 14:59:05+00:00,prices-history,1,True
11307,2026,Catalunya,2026-06-14,George Russell,0xae583a3cb5ac58183a3a90d864477117abb81e1b5ce5642466851d79c49ac53c,61333875177136178362290324124035712579905064314256643854377364325449375063324,193406.51863499972,True,121,120,103,121,0.9917355371900827,0.8512396694214877,1.0,958,94406.177125,2026-06-14 13:00:09+00:00,2026-06-14 14:59:07+00:00,prices-history,2,True
11307,2026,Catalunya,2026-06-14,Kimi Antonelli,0x0a32d8debaf1b16003bdd2b0daf3cf64079f95ceeec7a0a113ed93b5809e5faf,43187468984701261611389959172751806847869507855223825092913350551924777465230,175245.83444499975,True,121,120,94,117,0.9917355371900827,0.7768595041322314,0.9669421487603306,669,78065.336023,2026-06-14 13:00:06+00:00,2026-06-14 14:59:04+00:00,prices-history,3,True
11307,2026,Catalunya,2026-06-14,Max Verstappen,0x747d3cf9fc0e0dbe9f8ed7e981584b50139e7aef344ccd8780800f1b47c411d4,105120029115806635244707151045683603286805740264902999280442477522015208784634,113265.1314119999,True,121,120,69,108,0.9917355371900827,0.5702479338842975,0.8925619834710744,195,33397.643459,2026-06-14 13:00:07+00:00,2026-06-14 14:59:05+00:00,prices-history,4,True
11307,2026,Catalunya,2026-06-14,Lando Norris,0x3332a0df6be6bfa9378286721c193f7aa854a9ff076335f2b4e211b13bc6ac7d,53330827995503985856053099258150092852509324916534705127899006776419510697156,87525.85980299991,True,121,120,57,95,0.9917355371900827,0.47107438016528924,0.7851239669421488,137,27527.226874,2026-06-14 13:00:06+00:00,2026-06-14 14:59:04+00:00,prices-history,5,True
11307,2026,Catalunya,2026-06-14,Charles Leclerc,0x6414640f0efbecad52947d954f8001928b1c9cf9f901b51f5a552c3e668d0e4e,112142319877138659853021687142225763401171347931800511611804128196114532790420,47775.87427799997,True,121,120,41,71,0.9917355371900827,0.33884297520661155,0.5867768595041323,90,7976.421998,2026-06-14 13:00:09+00:00,2026-06-14 14:59:07+00:00,prices-history,6,True
11307,2026,Catalunya,2026-06-14,Oscar Piastri,0xbfe885dcdaf8b19a3ea3c3f27f1cf933334a4cf132eef51d4539266c03962e42,102585439986785642015360690883187978176977453127570040712292098335308805261116,39547.916270999995,True,121,120,24,45,0.9917355371900827,0.19834710743801653,0.371900826446281,43,4704.067141,2026-06-14 13:00:06+00:00,2026-06-14 14:59:04+00:00,prices-history,7,False
11307,2026,Catalunya,2026-06-14,Isack Hadjar,0xda0b7ddf7852a6caa4191ed53612bab1d0c1414ba1145e7c2062088e199f197e,16111923796847078340251350475384483570156569111802682679195821751070844467005,38328.87433699999,True,121,120,4,18,0.9917355371900827,0.03305785123966942,0.1487603305785124,4,529.11,2026-06-14 13:00:06+00:00,2026-06-14 14:59:04+00:00,prices-history,8,False
11307,2026,Catalunya,2026-06-14,Nico Hulkenberg,0x6d6ef08ed3b48e63dbcb9015876f6f5e548c3399ff50ad0312356ff4cd8978bb,7869483068143643000269944697912400802833611569365556021331431171579779073868,13396.121166,True,121,120,0,0,0.9917355371900827,0.0,0.0,0,0.0,2026-06-14 13:00:07+00:00,2026-06-14 14:59:05+00:00,prices-history,9,False
11307,2026,Catalunya,2026-06-14,Oliver Bearman,0x75e872a9b815b01450b24f3e768e349f05f0c4e89fb1b4dfd3a9c5d3ceaf26e0,26934233170811614552668601894965012591194370528003915215742457481152029620092,13164.789,True,121,120,0,0,0.9917355371900827,0.0,0.0,0,0.0,2026-06-14 13:00:08+00:00,2026-06-14 14:59:05+00:00,prices-history,10,False
11307,2026,Catalunya,2026-06-14,Pierre Gasly,0x6cc8d89b19f71b3a789f22bebb85c28f544be31d9759af778427af966a2259e0,110235709643163278600896412618907373985048656018693267240087845766402217700488,8087.55933,True,121,120,0,0,0.9917355371900827,0.0,0.0,0,0.0,2026-06-14 13:00:08+00:00,2026-06-14 14:59:05+00:00,prices-history,11,False
11307,2026,Catalunya,2026-06-14,Gabriel Bortoleto,0x06058bc1c84c1befa076511fc07ad4a062429bb0473fc6cfc9dabdc5397d888b,54237758545695048391859758088324326143380664471622590530982834613452656619373,6380.840953,True,121,120,5,13,0.9917355371900827,0.04132231404958678,0.10743801652892562,9,5615.8254529999995,2026-06-14 13:00:06+00:00,2026-06-14 14:59:04+00:00,prices-history,12,False
11307,2026,Catalunya,2026-06-14,Fernando Alonso,0x55d133d5b0a2c16cbf065478c1a86cc681d6b43bc3409fa17c98840bb08d9d06,94104207939332145299293185816118787233866332223660856184410021547260377584693,4988.999672000001,False,121,120,0,0,0.9917355371900827,0.0,0.0,0,0.0,2026-06-14 13:00:08+00:00,2026-06-14 14:59:05+00:00,prices-history,13,False
11307,2026,Catalunya,2026-06-14,Carlos Sainz Jr.,0x50cd141ca6ec480758bd031271c6668db40e569412e4d4d2ff5421e088bfd583,44729181593604070127375529927422598354710744396761790596710194337106587613040,4677.149331999999,False,121,120,1,6,0.9917355371900827,0.008264462809917356,0.049586776859504134,2,150.0,2026-06-14 13:00:06+00:00,2026-06-14 14:59:04+00:00,prices-history,14,False
11307,2026,Catalunya,2026-06-14,Sergio Perez,0xca9c71267b34ffee79f77e7e5dba0d7899af5c0a2bacc7c48ec49aa451fd5914,28732291763718906877110250276400607198823041128558418072470435169566152160283,4482.052164,False,121,120,0,0,0.9917355371900827,0.0,0.0,0,0.0,2026-06-14 13:00:08+00:00,2026-06-14 14:59:05+00:00,prices-history,15,False
11307,2026,Catalunya,2026-06-14,Alexander Albon,0x2bb3c9e7a3df66aa686a187e9f2772a6f0085c859e6233f89084d01b59946c76,59982990632882152354284360064192472660805984299192100035448077151364825464873,4418.229165000001,False,121,120,0,0,0.9917355371900827,0.0,0.0,0,0.0,2026-06-14 13:00:06+00:00,2026-06-14 14:59:04+00:00,prices-history,16,False
11307,2026,Catalunya,2026-06-14,Arvid Lindblad,0xfe22623872d42a4f12999966a5501f6c924759295195de345fe9a5e7fe386f29,27229581566613238260419789181726890606247159934744735893547976333621163977099,4016.9052479999996,False,121,120,0,0,0.9917355371900827,0.0,0.0,0,0.0,2026-06-14 13:00:07+00:00,2026-06-14 14:59:05+00:00,prices-history,17,False
11307,2026,Catalunya,2026-06-14,Franco Colapinto,0xe65c465936dd98162d9b47fb55d9a574ee16fd0ae1286d04eaa8526f6aa9525a,103188976197701618908557458005256989754775872103303934448158207895423222449955,3642.1211660000004,False,121,120,0,0,0.9917355371900827,0.0,0.0,0,0.0,2026-06-14 13:00:08+00:00,2026-06-14 14:59:05+00:00,prices-history,18,False
11307,2026,Catalunya,2026-06-14,Liam Lawson,0xbf01f2f1c15ca60b318fa3206b194a6a94e3d88f3071c9e1b604abaa07f42d2a,68671327524059579504624555010576270566252436747106634645910226906526635041608,3304.2125000000005,False,121,120,0,0,0.9917355371900827,0.0,0.0,0,0.0,2026-06-14 13:00:06+00:00,2026-06-14 14:59:04+00:00,prices-history,19,False
11307,2026,Catalunya,2026-06-14,Esteban Ocon,0x86130e6cc2544edba883a0277749ba7d5f6553df3e0c7bf27d3e50951a68adc2,109599446154706830720425292021083613873750983449620151806160462278096382058813,2778.3655,False,121,120,0,0,0.9917355371900827,0.0,0.0,0,0.0,2026-06-14 13:00:07+00:00,2026-06-14 14:59:05+00:00,prices-history,20,False
11307,2026,Catalunya,2026-06-14,Valtteri Bottas,0x5e28982eeb76716e18e73feb4d59b10ba48203ca85ef4a36cda99d033fe99330,85835260178822072748749480985943942457254765717958141800028780318038113129071,2643.73233,False,121,120,0,0,0.9917355371900827,0.0,0.0,0,0.0,2026-06-14 13:00:07+00:00,2026-06-14 14:59:05+00:00,prices-history,21,False
11307,2026,Catalunya,2026-06-14,Lance Stroll,0xcdce1805fa1add90ea9648ad9811c1dc709be73aae4d560c846e56a37aa2bae0,74143092782154887899667479845394308955562752383330754157648864122275361828480,1830.9118310000001,False,121,120,1,6,0.9917355371900827,0.008264462809917356,0.049586776859504134,1,14.0,2026-06-14 13:00:09+00:00,2026-06-14 14:59:07+00:00,prices-history,22,False
11315,2026,Spielberg,2026-06-28,Kimi Antonelli,0x531c53a2a8c82cac9855237a4b66ff3c7c0f6269287475966fb026730d30ed1f,106976300815048699866579038295876873316030986231113800381543490860317776991330,223174.47875599965,True,121,120,105,121,0.9917355371900827,0.8677685950413223,1.0,805,138125.422442,2026-06-28 13:00:04+00:00,2026-06-28 14:59:07+00:00,prices-history,1,True
11315,2026,Spielberg,2026-06-28,Max Verstappen,0xb0a534be00b8a2ee4ec78a775e5dcb14ed680ab7c69d5ea36b2570cd44fa7ad7,109941222135774578042278438958666025920653104704290493289515481159569947493319,163202.1310149999,True,121,120,103,119,0.9917355371900827,0.8512396694214877,0.9834710743801653,959,90959.99454,2026-06-28 13:00:04+00:00,2026-06-28 14:59:07+00:00,prices-history,2,True
11315,2026,Spielberg,2026-06-28,George Russell,0xad67da53baaabe17272aa2a4cd67776585779422267579e91de9c50ec2c1fb72,107726792896650556952448314546653464136882863737369073867852849264155020665374,149739.40368299992,True,121,120,114,121,0.9917355371900827,0.9421487603305785,1.0,1071,76548.405834,2026-06-28 13:00:03+00:00,2026-06-28 14:59:05+00:00,prices-history,3,True
11315,2026,Spielberg,2026-06-28,Lewis Hamilton,0xecb91145f7ed41128c538bd4828072c8e3f47f11253f80b252123c6890a3a94f,82236222753757094269178031193182750388049025367439430202758328328253193544474,125285.44985199995,True,121,120,78,109,0.9917355371900827,0.6446280991735537,0.9008264462809917,393,45430.353286,2026-06-28 13:00:04+00:00,2026-06-28 14:59:07+00:00,prices-history,4,True
11315,2026,Spielberg,2026-06-28,Charles Leclerc,0xf96438d1753939d08a5fb0a23d9fd3777aefefd31af147a8df2c2dacaaeb0ccd,74884316775275449389115160490528381879753575998694256421367659490543524224913,75539.07165700008,True,121,120,68,97,0.9917355371900827,0.5619834710743802,0.8016528925619835,194,22828.702935,2026-06-28 13:00:04+00:00,2026-06-28 14:59:06+00:00,prices-history,5,True
11315,2026,Spielberg,2026-06-28,Lando Norris,0x4660332081e4aca6fe2456ceb6370f49366257ee43ed138cdb14ced55158a3b5,24216312900714616454605626938457375146268588031086210672731405048715498030153,56768.482057000016,True,121,120,45,76,0.9917355371900827,0.371900826446281,0.628099173553719,133,20814.372458,2026-06-28 13:00:03+00:00,2026-06-28 14:59:05+00:00,prices-history,6,True
11315,2026,Spielberg,2026-06-28,Oscar Piastri,0x2a3e3f4d0aeeaa92b6b3d1c5771c7f344e0f3a339cb91147ffe6a2a96e002e8a,73088966371412364433905475496562238030695439997792874242815881074034315606183,36662.62396600001,True,121,120,35,72,0.9917355371900827,0.2892561983471074,0.5950413223140496,79,4390.875333,2026-06-28 13:00:04+00:00,2026-06-28 14:59:07+00:00,prices-history,7,False
11315,2026,Spielberg,2026-06-28,Isack Hadjar,0x230901ea7aa7ba85533af46b46e4309589feef65dc646cc8a544044d188a63d5,10872478813559618437372169439684093471281959877813611922986064113269306881443,23336.586258000003,True,121,120,7,27,0.9917355371900827,0.05785123966942149,0.2231404958677686,10,3876.3484999999996,2026-06-28 13:00:04+00:00,2026-06-28 14:59:06+00:00,prices-history,8,False
11315,2026,Spielberg,2026-06-28,Alexander Albon,0xbb5f696780c963e79e5f606c68807691b76fa71f9106912c133274254243381e,14384913772977035507296970086795217462733742422294321573305353397669144665029,3674.723,False,121,120,1,6,0.9917355371900827,0.008264462809917356,0.049586776859504134,3,1632.74,2026-06-28 13:00:04+00:00,2026-06-28 14:59:07+00:00,prices-history,9,False
11315,2026,Spielberg,2026-06-28,Pierre Gasly,0x9aa5fae30e86bf03a9e098c9844355c6266fef643503961c3b08319f74b9e15c,70137202207452823344806215061027379306219629961528173109345932844944173304247,1868.589423,False,121,120,0,0,0.9917355371900827,0.0,0.0,0,0.0,2026-06-28 13:00:03+00:00,2026-06-28 14:59:05+00:00,prices-history,10,False
11315,2026,Spielberg,2026-06-28,Liam Lawson,0x084fefdc5aba7645e8fff725efc359a911c468fe7bce28bbe8ee40159b4c8716,28810055856938810591630221441052184783806324659697857564207477783994394995628,1443.983,False,121,120,0,0,0.9917355371900827,0.0,0.0,0,0.0,2026-06-28 13:00:04+00:00,2026-06-28 14:59:07+00:00,prices-history,11,False
11315,2026,Spielberg,2026-06-28,Carlos Sainz Jr.,0x4ceb2c3b7ca5f67b443a83301169589d6d2b1d294b2ec2fbba5f4b09a297d95f,91734050981545220244068544748682743694594924254108001226352088011047490797861,985.5260000000001,False,121,120,0,0,0.9917355371900827,0.0,0.0,0,0.0,2026-06-28 13:00:03+00:00,2026-06-28 14:59:05+00:00,prices-history,12,False
11315,2026,Spielberg,2026-06-28,Esteban Ocon,0x7c2ab4c5bb4f00e1beb2f014b605276070572c49bc2585b0337d980dc7d27aab,66082953140977400073997649249351684692422287059401841653477195252143986126394,942.450941,False,121,120,0,0,0.9917355371900827,0.0,0.0,0,0.0,2026-06-28 13:00:03+00:00,2026-06-28 14:59:05+00:00,prices-history,13,False
11315,2026,Spielberg,2026-06-28,Valtteri Bottas,0x86e01016ebfc9c1e0618c2ec24503dbb1c88606f1b176ffa938e02580d20c98e,110408353109320512891380572721899808507557991821185742658204376219034480822355,933.314666,False,121,120,0,0,0.9917355371900827,0.0,0.0,0,0.0,2026-06-28 13:00:03+00:00,2026-06-28 14:59:05+00:00,prices-history,14,False
11315,2026,Spielberg,2026-06-28,Sergio Perez,0x6fefd3cc6343082ba893530d3180e79e419ca675b97c75c65a4bd5a85b4aea5f,102922276747897207431684858482990935896889517493484804996614383076292143820410,837.4606679999999,False,121,120,0,0,0.9917355371900827,0.0,0.0,0,0.0,2026-06-28 13:00:04+00:00,2026-06-28 14:59:07+00:00,prices-history,15,False
11315,2026,Spielberg,2026-06-28,Gabriel Bortoleto,0xff971b735896bc096e390e2ae7ced3bea33f8c26b05cf3ef14d3d3268d59b02d,62675734555698983700525698079103055788880980888063076579627868344761152938784,805.9130000000001,False,121,120,0,0,0.9917355371900827,0.0,0.0,0,0.0,2026-06-28 13:00:04+00:00,2026-06-28 14:59:06+00:00,prices-history,16,False
11315,2026,Spielberg,2026-06-28,Lance Stroll,0xed1e1f24eddac72d1fc94cd819c53287a22c1e45e07c3805edc036c03220742d,61068251488859122830090076943912577238654345722749711309204553526777112545235,789.803008,False,121,120,0,0,0.9917355371900827,0.0,0.0,0,0.0,2026-06-28 13:00:04+00:00,2026-06-28 14:59:06+00:00,prices-history,17,False
11315,2026,Spielberg,2026-06-28,Nico Hulkenberg,0x6485200d33c45f6bb978110b9ed014790f3dbbae8d62cc612d247523df07c374,3120045762324381724478388102360013539650124490523782775905107229446059080378,748.7134000000001,False,121,120,0,0,0.9917355371900827,0.0,0.0,0,0.0,2026-06-28 13:00:03+00:00,2026-06-28 14:59:06+00:00,prices-history,18,False
11315,2026,Spielberg,2026-06-28,Oliver Bearman,0x790650542c32cc98db2bed4cf839ad33950f3083dd27b27e7513fc968fbc7d71,2439887364834972092556921877233398630002846539947219144776354471222831043834,598.4000000000001,False,121,120,0,0,0.9917355371900827,0.0,0.0,0,0.0,2026-06-28 13:00:04+00:00,2026-06-28 14:59:07+00:00,prices-history,19,False
11315,2026,Spielberg,2026-06-28,Fernando Alonso,0xa355937da2419aaca230fbbee350f3a81e9e83376f86c184bfc5c9f99bdd3edd,98188711412810748839622347290890149114373168873171703345617286805050727240893,459.988,False,121,120,0,0,0.9917355371900827,0.0,0.0,0,0.0,2026-06-28 13:00:03+00:00,2026-06-28 14:59:05+00:00,prices-history,20,False
11315,2026,Spielberg,2026-06-28,Arvid Lindblad,0x882363ddb8df04397a237f27f5c77e4facde7bd96b651acdf9f092f3e159c480,66620943194436235658194480202335914500248858783751075494422514763970567871871,437.01000000000005,False,121,120,0,0,0.9917355371900827,0.0,0.0,0,0.0,2026-06-28 13:00:04+00:00,2026-06-28 14:59:07+00:00,prices-history,21,False
11315,2026,Spielberg,2026-06-28,Franco Colapinto,0xb1acb420afcdebb9fb09b9d8581d092631c8d9e09d938711183643dec8b9052b,1437557140313299583707841509503512509115544504592320272430221639220399840995,437.01,False,121,120,0,0,0.9917355371900827,0.0,0.0,0,0.0,2026-06-28 13:00:04+00:00,2026-06-28 14:59:06+00:00,prices-history,22,False
11326,2026,Silverstone,2026-07-05,Charles Leclerc,0xd8b3a566d0f4f200561cf812f90c78dd745cc418e980bc97e5c5f1294ec9c61e,44353102074481917967554121904028476343388985973290663146828068576836409964686,230761.450461,True,121,120,112,121,0.9917355371900827,0.9256198347107438,1.0,1278,125132.86940299999,2026-07-05 14:00:04+00:00,2026-07-05 15:59:04+00:00,prices-history,1,True
11326,2026,Silverstone,2026-07-05,Max Verstappen,0xd497f3ddd7e5ae63169907295df889c45acd455e6bada816852c205fb03d0cf9,106824593433793540581702577706042967346010321455676308305937614267831152465129,176385.2791870001,True,121,120,83,103,0.9917355371900827,0.6859504132231405,0.8512396694214877,453,89721.629089,2026-07-05 14:00:07+00:00,2026-07-05 15:59:04+00:00,prices-history,2,True
11326,2026,Silverstone,2026-07-05,Kimi Antonelli,0x94315696efc1c14a7d19a79da9a93b978895fecae06ab43622c98d8d28458cdf,69067212953341602790625090308267729419278427852219448105972538821488419512512,174619.52120600012,True,121,120,92,113,0.9917355371900827,0.7603305785123967,0.9338842975206612,1092,77700.655353,2026-07-05 14:00:04+00:00,2026-07-05 15:59:04+00:00,prices-history,3,True
11326,2026,Silverstone,2026-07-05,Lewis Hamilton,0x83edde07b222f24d64b6afb1009c3982835294a3f349ae8c07c784b9ebfeeb93,59538054497604757416284415587412173657486297594085684023521518985914622243769,162314.95645600028,True,121,120,93,112,0.9917355371900827,0.768595041322314,0.9256198347107438,770,66941.14142100001,2026-07-05 14:00:04+00:00,2026-07-05 15:59:04+00:00,prices-history,4,True
11326,2026,Silverstone,2026-07-05,George Russell,0xe803fd1b419af5353282e75473d4e9012d331b13faff00cca3fc2f9c88e1d637,91147974327429899371709395439425118281799872852756635554621894454831424033503,116048.555755,True,121,120,85,110,0.9917355371900827,0.7024793388429752,0.9090909090909091,474,59284.95682199999,2026-07-05 14:00:05+00:00,2026-07-05 15:59:04+00:00,prices-history,5,True
11326,2026,Silverstone,2026-07-05,Lando Norris,0x1db5a5491de96ac6ca50275331426e6df630aed16a54757a2d8ea46c07a4cf66,60827566065088566919653518918314206709977691091783856262596070025610604357056,63252.370247,True,121,120,44,77,0.9917355371900827,0.36363636363636365,0.6363636363636364,165,12346.731334,2026-07-05 14:00:03+00:00,2026-07-05 15:59:04+00:00,prices-history,6,True
11326,2026,Silverstone,2026-07-05,Isack Hadjar,0xf05e3431f6628b7e9db8c33489842607c3fbfa054fa971f19b6a3c8c94597f2a,112550495622885767238339185115998901526589248368856482639133655425266610920704,61045.85379700003,True,121,120,27,41,0.9917355371900827,0.2231404958677686,0.33884297520661155,146,11676.809314,2026-07-05 14:00:04+00:00,2026-07-05 15:59:04+00:00,prices-history,7,False
11326,2026,Silverstone,2026-07-05,Oscar Piastri,0x14d2c33e32c2dd8d9a732a66e0adbf9922f8805648fa7f97f61bce9573c631fd,34651493606364323104093405153421028048039177836526895009474756350813662127407,48142.31916,True,121,120,6,17,0.9917355371900827,0.049586776859504134,0.14049586776859505,14,491.185554,2026-07-05 14:00:04+00:00,2026-07-05 15:59:04+00:00,prices-history,8,False
11326,2026,Silverstone,2026-07-05,Arvid Lindblad,0x3c44757cf76deb7fb00331f7c5b9f7cee9cc3814629860255db8095fdacae425,16418966712520786821696057684220423311904083160852557731046717395422644015041,13213.144831,True,121,120,0,0,0.9917355371900827,0.0,0.0,0,0.0,2026-07-05 14:00:03+00:00,2026-07-05 15:59:04+00:00,prices-history,9,False
11326,2026,Silverstone,2026-07-05,Fernando Alonso,0xf9ca9ccbb8b7bc7035ea468051e0f981fba504b93656846cbc89f4e8f9a8f98a,94311253045241443861927540209798326885356242962599650226969779696886425180121,11746.035,True,121,120,0,0,0.9917355371900827,0.0,0.0,0,0.0,2026-07-05 14:00:09+00:00,2026-07-05 15:59:05+00:00,prices-history,10,False
11326,2026,Silverstone,2026-07-05,Oliver Bearman,0x43a86d57bf018989e128fe8538dac6e7641ca072743aeb83dd4f45da50680e42,30579956577806294837597200613301620646454064281872768571797901980387871796995,8717.894908,True,121,120,0,0,0.9917355371900827,0.0,0.0,0,0.0,2026-07-05 14:00:05+00:00,2026-07-05 15:59:04+00:00,prices-history,11,False
11326,2026,Silverstone,2026-07-05,Lance Stroll,0x8846c080311e2694bdf61d87afa8c4ae3f38fe48b567a65ab3a27e99a52841f7,16028041094917458857851475048615150201616094636200122700948313044544764591046,6234.403000000003,True,121,120,0,0,0.9917355371900827,0.0,0.0,0,0.0,2026-07-05 14:00:09+00:00,2026-07-05 15:59:05+00:00,prices-history,12,False
11326,2026,Silverstone,2026-07-05,Alexander Albon,0xa10e56b93240a386a68ffcbcf37ae3bbd8860fb10353d72bf185ee4fc2063f7b,91512772845182718396637526282458315870148230827230460498092069692298085890888,5852.405000000001,True,121,120,0,0,0.9917355371900827,0.0,0.0,0,0.0,2026-07-05 14:00:09+00:00,2026-07-05 15:59:05+00:00,prices-history,13,False
11326,2026,Silverstone,2026-07-05,Pierre Gasly,0xd942229f3a5afbc4d515dc7df5ef6bd4367a1c26393e5e6d84e8f77b34907b11,18441713666564135624792334276597325027760074822665800565273421004076540849591,4054.285,False,121,120,0,0,0.9917355371900827,0.0,0.0,0,0.0,2026-07-05 14:00:07+00:00,2026-07-05 15:59:05+00:00,prices-history,14,False
11326,2026,Silverstone,2026-07-05,Sergio Perez,0xd1b934223c05d2512cb22a57e2bdb8f66c9bd033305a0ac3d5e867ae3de4a6c5,74697672489623452584140083547310601476467342328431616657884165423667433708526,2106.3131810000004,False,121,120,0,0,0.9917355371900827,0.0,0.0,0,0.0,2026-07-05 14:00:07+00:00,2026-07-05 15:59:05+00:00,prices-history,15,False
11326,2026,Silverstone,2026-07-05,Liam Lawson,0x93cceef1066da0344cace14cbbd4b900ea636812fd63824f17ab0cb1aa5bf3b7,61220838011860475075080501734954542666742276725387544380519361039356176656721,1793.57,False,121,120,1,6,0.9917355371900827,0.008264462809917356,0.049586776859504134,1,88.51,2026-07-05 14:00:09+00:00,2026-07-05 15:59:05+00:00,prices-history,16,False
11326,2026,Silverstone,2026-07-05,Gabriel Bortoleto,0x28b24e179d9baef887c3d03e72e8c362ca57dc211e731e20404a2b1a3c9a5f11,24483979306793196755042003498689158313591266621362305660124012993931873510036,1766.034,False,121,120,0,0,0.9917355371900827,0.0,0.0,0,0.0,2026-07-05 14:00:04+00:00,2026-07-05 15:59:04+00:00,prices-history,17,False
11326,2026,Silverstone,2026-07-05,Franco Colapinto,0x187fefaab609d8a8175ea9e036d6e667dc1b40d00812e4d35e42a01aa32fa052,15177040539723176752540857419130914973963264295541021897953319566363738106,1678.5449999999998,False,121,120,0,0,0.9917355371900827,0.0,0.0,0,0.0,2026-07-05 14:00:04+00:00,2026-07-05 15:59:04+00:00,prices-history,18,False
11326,2026,Silverstone,2026-07-05,Esteban Ocon,0x4f8e9f62ad8048ac4f68c54b7e2f7fe4eca329adb56f365a93a5a4a014facabb,46185954091748146855772724497303670921655733791829086121722813091663886918502,1573.981,False,121,120,0,0,0.9917355371900827,0.0,0.0,0,0.0,2026-07-05 14:00:09+00:00,2026-07-05 15:59:05+00:00,prices-history,19,False
11326,2026,Silverstone,2026-07-05,Carlos Sainz Jr.,0x8970c4214143d8de7e1aa128f88a01138d499fba2a8c988f7073f3d955a66ce8,28661868789319618945467381862831611058218087957124519208571609638926381965709,959.6550000000001,False,121,120,0,0,0.9917355371900827,0.0,0.0,0,0.0,2026-07-05 14:00:05+00:00,2026-07-05 15:59:04+00:00,prices-history,20,False
11326,2026,Silverstone,2026-07-05,Valtteri Bottas,0xc87fcf5ab79701af9c869b67b2f917a6b2fe50e8fc0dd399ce238cd3ed04560f,44810219145497536514511261843484697178351647690916865029608773907623973950079,862.586,False,121,120,1,6,0.9917355371900827,0.008264462809917356,0.049586776859504134,1,10.0,2026-07-05 14:00:07+00:00,2026-07-05 15:59:05+00:00,prices-history,21,False
11326,2026,Silverstone,2026-07-05,Nico Hulkenberg,0xbbf142718b71da8a00c362c08c0dd894b2ce824772921eb5923eb2500b0b9a95,52639173454400512897748418678346486313004271381609961826953310787313838937138,752.0340000000001,False,121,120,0,0,0.9917355371900827,0.0,0.0,0,0.0,2026-07-05 14:00:05+00:00,2026-07-05 15:59:04+00:00,prices-history,22,False
11334,2026,Spa-Francorchamps,2026-07-19,Kimi Antonelli,0x2ea6395d54250a416c78db065f99bb34091990f1d90d721a0af9d63f25e94240,111557718870554337965786784012065933081162468262095052749930193762450921060260,286328.49714299996,True,121,120,109,121,0.9917355371900827,0.9008264462809917,1.0,1119,163463.650333,2026-07-19 13:00:07+00:00,2026-07-19 14:59:06+00:00,prices-history,1,True
11334,2026,Spa-Francorchamps,2026-07-19,Charles Leclerc,0xf137d500bee37ff54903e73dfb8cabcfdf8ef4c13c1dd322b649c329cb70c008,82381774175011575116897513905358335201469794157479502181014839532007550138796,267559.40142899996,True,121,120,94,114,0.9917355371900827,0.7768595041322314,0.9421487603305785,1089,180359.48889799998,2026-07-19 13:00:06+00:00,2026-07-19 14:59:05+00:00,prices-history,2,True
11334,2026,Spa-Francorchamps,2026-07-19,Lewis Hamilton,0x5b39217684ed6b2ee8c03ad4dc2ae2d20ba712da76c66cd55bc1bdc75f8b82ec,53540635088218185242185094406073368874983304972377981638075104599703920774537,243642.44058700002,True,121,120,68,101,0.9917355371900827,0.5619834710743802,0.8347107438016529,402,113717.25300699999,2026-07-19 13:00:10+00:00,2026-07-19 14:59:07+00:00,prices-history,3,True
11334,2026,Spa-Francorchamps,2026-07-19,Max Verstappen,0x0010aa5749b36d3e9192a4554b9cb1e95cf5e413d81b44a982a86746cca56a47,81286303268023918929047480756714922987970798009796278779833114349198833865130,156463.20794500006,True,121,120,90,121,0.9917355371900827,0.743801652892562,1.0,525,52214.762248,2026-07-19 13:00:10+00:00,2026-07-19 14:59:06+00:00,prices-history,4,True
11334,2026,Spa-Francorchamps,2026-07-19,Lando Norris,0xc228beaaf4bb40ccac591b2814409891312003856155ed4af7e8f24857c2b1c9,5597955774448782710659911488774187383933220847162158959969775591803295811883,56579.235318,True,121,120,58,88,0.9917355371900827,0.4793388429752066,0.7272727272727273,221,25834.256475000002,2026-07-19 13:00:10+00:00,2026-07-19 14:59:06+00:00,prices-history,5,True
11334,2026,Spa-Francorchamps,2026-07-19,George Russell,0xd2553b01249e837a4d1ee7d4f9720c3ab2763a965ef3d664bdb63f4f8ea1a579,67868878475104181712441217819527786306194633953214676619478367175716875501710,39301.36799900004,True,121,120,13,38,0.9917355371900827,0.10743801652892562,0.3140495867768595,37,2369.2841970000004,2026-07-19 13:00:11+00:00,2026-07-19 14:59:07+00:00,prices-history,6,True
11334,2026,Spa-Francorchamps,2026-07-19,Oscar Piastri,0x0871ca7780c787df849c98b18eedf0764e3c90c9da77e884e581db58a7947335,6661425220380399599114511863574142534519574842126439759431607835715714969866,30658.794198,True,121,120,33,67,0.9917355371900827,0.2727272727272727,0.5537190082644629,110,12900.219804000002,2026-07-19 13:00:11+00:00,2026-07-19 14:59:07+00:00,prices-history,7,False
11334,2026,Spa-Francorchamps,2026-07-19,Isack Hadjar,0x124251560bc75632fc40fe3f8bb04fa119f7fdc562f61d75cfe5c1e56852fde0,60993426708739037163302433777321654736287297941034435881697188086275866735363,18508.615663999994,True,121,120,27,56,0.9917355371900827,0.2231404958677686,0.4628099173553719,63,6893.993694999998,2026-07-19 13:00:11+00:00,2026-07-19 14:59:07+00:00,prices-history,8,False
11334,2026,Spa-Francorchamps,2026-07-19,Carlos Sainz Jr.,0xbf98678339933b69b935c809060d1cf063f203698a16c82cdb447e9cfd549108,6750673960832588555592831203498603812557104929498151059944127458809938714043,9951.310000000001,True,121,120,3,9,0.9917355371900827,0.024793388429752067,0.0743801652892562,12,7530.62,2026-07-19 13:00:10+00:00,2026-07-19 14:59:06+00:00,prices-history,9,False
11334,2026,Spa-Francorchamps,2026-07-19,Arvid Lindblad,0x9171a20e5188e235d8b47d32a6961712f3be425797b97bef0c549c7d4da8348f,75657962487899000063177880636563907733827473620478907340326493879085863569329,4046.144,False,121,120,1,6,0.9917355371900827,0.008264462809917356,0.049586776859504134,1,125.0,2026-07-19 13:00:10+00:00,2026-07-19 14:59:07+00:00,prices-history,10,False
11334,2026,Spa-Francorchamps,2026-07-19,Gabriel Bortoleto,0x4d045698448f8e3eb79ba76684f7736776640c4921ee34e041e0e2ec405d32b2,51901738087786809796213796666467282879412974674870459504050257834674212911904,2485.91,False,121,120,0,0,0.9917355371900827,0.0,0.0,0,0.0,2026-07-19 13:00:06+00:00,2026-07-19 14:59:05+00:00,prices-history,11,False
11334,2026,Spa-Francorchamps,2026-07-19,Pierre Gasly,0x2bc86ed3ddf979b50c5d7deadb0bd280ae1f2b7b1acab605fe7092ebff8e6faa,30220777682560024663398181129412965510152588672723037343020367828015363773670,2373.597044,False,121,120,0,0,0.9917355371900827,0.0,0.0,0,0.0,2026-07-19 13:00:10+00:00,2026-07-19 14:59:06+00:00,prices-history,12,False
11334,2026,Spa-Francorchamps,2026-07-19,Valtteri Bottas,0x2a4dd5dcfc8bd6aa48b90cd3ae7d724657c61ed838248ec060ba9ded351c1d81,114137736550784413223737288268223140177356041557726334737952104935234266585797,2296.460039,False,121,120,0,0,0.9917355371900827,0.0,0.0,0,0.0,2026-07-19 13:00:10+00:00,2026-07-19 14:59:06+00:00,prices-history,13,False
11334,2026,Spa-Francorchamps,2026-07-19,Alexander Albon,0x10843399d35a963420a6b9265de3338b4e4a9a1750ef5d73a13514e8f4a06b55,52946870781975070911626283230462857168950065877072022090805570915341188350279,2256.0244880000014,False,121,120,0,0,0.9917355371900827,0.0,0.0,0,0.0,2026-07-19 13:00:09+00:00,2026-07-19 14:59:06+00:00,prices-history,14,False
11334,2026,Spa-Francorchamps,2026-07-19,Oliver Bearman,0xbc4e03b397240641e89ec910ab9d7287e86ecda5bff5e653c7d5f85162bbe3e7,76269866628657813152804173139001763047386100098154369210322863365763975131962,2210.0396380000007,False,121,120,0,0,0.9917355371900827,0.0,0.0,0,0.0,2026-07-19 13:00:06+00:00,2026-07-19 14:59:05+00:00,prices-history,15,False
11334,2026,Spa-Francorchamps,2026-07-19,Sergio Perez,0xc08bf3ca4328af96ee0365b4f98f58f912672e5fa830f21b21121568fb0c23dc,107895396213679932322198625922931190943305056604760937408595827244707225343664,2145.462000000001,False,121,120,0,0,0.9917355371900827,0.0,0.0,0,0.0,2026-07-19 13:00:11+00:00,2026-07-19 14:59:07+00:00,prices-history,16,False
11334,2026,Spa-Francorchamps,2026-07-19,Liam Lawson,0x35eaefeaa013bf2f04acc98bb389ff0bfae928337ab81c5e5f038b37d7d9066f,84246111324864496271509714457223951707344579480586349592200347972141503817884,2112.9450000000006,False,121,120,0,0,0.9917355371900827,0.0,0.0,0,0.0,2026-07-19 13:00:09+00:00,2026-07-19 14:59:06+00:00,prices-history,17,False
11334,2026,Spa-Francorchamps,2026-07-19,Fernando Alonso,0x228717954ccd66abcebf468369c586421c956bcb72d1e922c3b53113f53239d7,25894374992251686896152649941496187856323629036027624331897476224912704850973,2080.8510000000006,False,121,120,0,0,0.9917355371900827,0.0,0.0,0,0.0,2026-07-19 13:00:09+00:00,2026-07-19 14:59:06+00:00,prices-history,18,False
11334,2026,Spa-Francorchamps,2026-07-19,Esteban Ocon,0x18a7f5007603d38d3ef0d9ccd5237e7bfa8b18136c1b6793cee10a379154ff96,16184739846788939214155365902459523863959818336425355264654078855293106330989,2040.4940000000004,False,121,120,0,0,0.9917355371900827,0.0,0.0,0,0.0,2026-07-19 13:00:11+00:00,2026-07-19 14:59:07+00:00,prices-history,19,False
11334,2026,Spa-Francorchamps,2026-07-19,Lance Stroll,0x94cba42cf82841977d6c473157c2cab726da0323b243d29753ac673144459fc8,111381382487283442822679244032977867459855978129380643788233025854325396256100,2034.3130000000006,False,121,120,0,0,0.9917355371900827,0.0,0.0,0,0.0,2026-07-19 13:00:09+00:00,2026-07-19 14:59:06+00:00,prices-history,20,False
11334,2026,Spa-Francorchamps,2026-07-19,Franco Colapinto,0x6e3249d141c39fbeb4abfad95607a26263d0209021599b9d7262a654a5b26361,55170913504543351090993677788624452804183527407607493496092000381988935231402,2027.325,False,121,120,0,0,0.9917355371900827,0.0,0.0,0,0.0,2026-07-19 13:00:07+00:00,2026-07-19 14:59:06+00:00,prices-history,21,False
11334,2026,Spa-Francorchamps,2026-07-19,Nico Hulkenberg,0x81fabcc7e24d08414981e42be3c253e309ceb7f557ccb2ff189e39ee48255b2b,99095535660651140323079037053568546521615035526080309297439458850630211810697,1978.0690000000002,False,121,120,0,0,0.9917355371900827,0.0,0.0,0,0.0,2026-07-19 13:00:09+00:00,2026-07-19 14:59:06+00:00,prices-history,22,False
11342,2026,Hungaroring,2026-07-26,Lando Norris,0x36cc3c0839f8953b0c4359aea99336fceb76c750b5b2509082193a5ee79ac80e,54396481367166889461688610308196414708048744650531608611896677718305493951217,335893.81627000007,True,121,120,116,121,0.9917355371900827,0.9586776859504132,1.0,1091,186116.514806,2026-07-26 13:00:10+00:00,2026-07-26 14:59:07+00:00,prices-history,1,True
11342,2026,Hungaroring,2026-07-26,Lewis Hamilton,0x058c97f3553db10b8df590e491a15de53b39cdba231070a993b9d46d264bc3cd,29182557482930894926551444457441091281627059242568302863019387202603296788240,286071.63219900016,True,121,120,101,120,0.9917355371900827,0.8347107438016529,0.9917355371900827,624,135449.172255,2026-07-26 13:00:13+00:00,2026-07-26 14:59:07+00:00,prices-history,2,True
11342,2026,Hungaroring,2026-07-26,Kimi Antonelli,0x551a62a76c098b1e052787ef8f42a79c751a5e6e48996ca7b99a6194472257f2,92887241671185087964287429577538293218015347990316410569680900427719773755690,262739.5332919995,True,121,120,105,120,0.9917355371900827,0.8677685950413223,0.9917355371900827,687,111296.37386200001,2026-07-26 13:00:13+00:00,2026-07-26 14:59:07+00:00,prices-history,3,True
11342,2026,Hungaroring,2026-07-26,Max Verstappen,0xa21711b671bf172ecb60aaf237fcea4fb88a3125ba24e7e6e92c38a7667df879,47661325742680339397689993484717514781417824472586299267255052250797111797474,177341.98181199995,True,121,120,90,109,0.9917355371900827,0.743801652892562,0.9008264462809917,409,77676.39442,2026-07-26 13:00:10+00:00,2026-07-26 14:59:06+00:00,prices-history,4,True
11342,2026,Hungaroring,2026-07-26,Charles Leclerc,0xfd369db75dc51f3ec661455cf868fdfa7845e8a47bfe65aefe9f1447dc2c7d4e,73427766498074792898749246635290882811998705137871731629954461975021080518245,142132.17881699975,True,121,120,75,105,0.9917355371900827,0.6198347107438017,0.8677685950413223,314,47877.407844,2026-07-26 13:00:20+00:00,2026-07-26 14:59:10+00:00,prices-history,5,True
11342,2026,Hungaroring,2026-07-26,Oscar Piastri,0x47555861c47977569a157830c630638f9bfc75b683ffd67d465f78679c91fd42,74848003864727916602514232668855639524935571396025695310878339492645442275449,138112.65792899986,True,121,120,88,110,0.9917355371900827,0.7272727272727273,0.9090909090909091,766,71142.995048,2026-07-26 13:00:07+00:00,2026-07-26 14:59:06+00:00,prices-history,6,True
11342,2026,Hungaroring,2026-07-26,George Russell,0xeb9fe83347ee18f4ba8b980aee57062865f13a10d4b3d1565ce0668a69f85161,39050741598378544645323570618350061458137642390331911196247328565952069032569,104831.62388700004,True,121,120,42,70,0.9917355371900827,0.34710743801652894,0.5785123966942148,173,21437.870229999997,2026-07-26 13:00:10+00:00,2026-07-26 14:59:06+00:00,prices-history,7,False
11342,2026,Hungaroring,2026-07-26,Isack Hadjar,0x6cb18737bbc11d9ebc2b30423ab205e5f7100a1228fb2e97c4e06c2a895c2fc7,22219563673733140048368702645687238110619999563973578917734586596924918315291,101791.27971100004,True,121,120,1,6,0.9917355371900827,0.008264462809917356,0.049586776859504134,1,1000.0,2026-07-26 13:00:05+00:00,2026-07-26 14:59:05+00:00,prices-history,8,False
11342,2026,Hungaroring,2026-07-26,Pierre Gasly,0xe269065c7560296e3b15b6730ca307e0516b31ff8123ef12fa392f0f23c0ffb0,37490017333479013715199796747358699230108134342667622309515100746788771637012,4019.025,False,121,120,1,6,0.9917355371900827,0.008264462809917356,0.049586776859504134,1,50.0,2026-07-26 13:00:05+00:00,2026-07-26 14:59:05+00:00,prices-history,9,False
11342,2026,Hungaroring,2026-07-26,Fernando Alonso,0x0d3f3e7d666bc67f5db2a19241f24fd23e4dbaee1652e415d70b12bb2d9b7828,22714299233909039775992125974631450915692878610574696604669009152443004116026,3922.891,False,121,120,0,0,0.9917355371900827,0.0,0.0,0,0.0,2026-07-26 13:00:12+00:00,2026-07-26 14:59:07+00:00,prices-history,10,False
11342,2026,Hungaroring,2026-07-26,Liam Lawson,0xf6695e1514dba3fb926d0f04a469ede637748247dd51ec04286db6b8de88f148,22740878888025931461174023435179131802534214581754580620737653183685171776283,1854.1109999999996,False,121,120,1,6,0.9917355371900827,0.008264462809917356,0.049586776859504134,1,50.0,2026-07-26 13:00:10+00:00,2026-07-26 14:59:06+00:00,prices-history,11,False
11342,2026,Hungaroring,2026-07-26,Sergio Perez,0x5cbb3549368be7b134a997bab3eeeeb83bd6043e83d7803aee82fe35556a3d18,4601220910764712753774224514436089816314135094396526703992525484961850214434,1518.835,False,121,120,0,0,0.9917355371900827,0.0,0.0,0,0.0,2026-07-26 13:00:18+00:00,2026-07-26 14:59:08+00:00,prices-history,12,False
11342,2026,Hungaroring,2026-07-26,Lance Stroll,0x7ed1b53d7853eb9d0c9d85b6ef9fff92d11b7691bf30a818ecdc4c16b04bb8a8,57413547518125029132241142963839880474794683317228017863836888265014745317008,1297.9330000000002,False,121,120,1,6,0.9917355371900827,0.008264462809917356,0.049586776859504134,1,50.0,2026-07-26 13:00:10+00:00,2026-07-26 14:59:06+00:00,prices-history,13,False
11342,2026,Hungaroring,2026-07-26,Arvid Lindblad,0xe8fb9a3788ed01bfee85c22c592fbd4a0e4a51dcff27b77ab4883a2050ccfd0d,18180733431722078076971131548720300060661773771235185180365854972361698721326,810.726,False,121,120,0,0,0.9917355371900827,0.0,0.0,0,0.0,2026-07-26 13:00:20+00:00,2026-07-26 14:59:10+00:00,prices-history,14,False
11342,2026,Hungaroring,2026-07-26,Esteban Ocon,0x74f258606e1c5c0e59df18a07fd261c845a9d7da8d41128686cd1a4843fc34c0,99878195228914427080360530063024180841792578912059715421966764064347304371586,568.835,False,121,120,1,6,0.9917355371900827,0.008264462809917356,0.049586776859504134,1,50.0,2026-07-26 13:00:05+00:00,2026-07-26 14:59:05+00:00,prices-history,15,False
11342,2026,Hungaroring,2026-07-26,Oliver Bearman,0x3b19192364a11ee783cc9df403ae8fc4bed0d6701a73aeb94c18a90af9703bf7,44932224585909253892282921326296937771254073329682838104091381146636456324674,568.835,False,121,120,1,6,0.9917355371900827,0.008264462809917356,0.049586776859504134,1,50.0,2026-07-26 13:00:12+00:00,2026-07-26 14:59:07+00:00,prices-history,16,False
11342,2026,Hungaroring,2026-07-26,Valtteri Bottas,0x1f937b719bb25e56fc046ef921e51aa104d4715c08c0d5632ba9454e18044b60,98913897639057108569897081329868443046388704233740207515161762992003322318034,549.835,False,121,120,1,6,0.9917355371900827,0.008264462809917356,0.049586776859504134,1,50.0,2026-07-26 13:00:18+00:00,2026-07-26 14:59:08+00:00,prices-history,17,False
11342,2026,Hungaroring,2026-07-26,Alexander Albon,0xe546b8cec0902d274ae6fd17bc0fe27c46e1993391afc61bfe658404a002d9db,75041864700310727858734562608605396736556391548884692244299476219347450035729,522.835,False,121,120,0,0,0.9917355371900827,0.0,0.0,0,0.0,2026-07-26 13:00:13+00:00,2026-07-26 14:59:07+00:00,prices-history,18,False
11342,2026,Hungaroring,2026-07-26,Franco Colapinto,0x7edcd797322fde1ae21523de3f35a6add2fb1335bf05c62b35b0c778375b5909,35731515322463423308780427478561578818019915065172803771640325171743152132363,518.835,False,121,120,0,0,0.9917355371900827,0.0,0.0,0,0.0,2026-07-26 13:00:15+00:00,2026-07-26 14:59:07+00:00,prices-history,19,False
11342,2026,Hungaroring,2026-07-26,Carlos Sainz Jr.,0x10d9e14ed055fb0f8c81f00f4cb80ef2599c4bf246b4a16ef6c7a5175f845b3c,21751806226911401026958747962403851742907202331945392562930849951535514686867,518.835,False,121,120,0,0,0.9917355371900827,0.0,0.0,0,0.0,2026-07-26 13:00:07+00:00,2026-07-26 14:59:06+00:00,prices-history,20,False
11342,2026,Hungaroring,2026-07-26,Nico Hulkenberg,0xe892c33a3c74b3818c5c4cf71b45713a307011b27ca75f3beb536c6a3c363937,43180211336742664032062285238813915788578309289047180956354870735772763969395,516.835,False,121,120,0,0,0.9917355371900827,0.0,0.0,0,0.0,2026-07-26 13:00:07+00:00,2026-07-26 14:59:06+00:00,prices-history,21,False
11342,2026,Hungaroring,2026-07-26,Gabriel Bortoleto,0x8510d12c340ef3b1984d930dad8bf28cea0adbfcf5e5f5d003daafb598c4dfa0,79370966672821328495851261837948482390206324447216549551934761042819006250247,511.83500000000004,False,121,120,0,0,0.9917355371900827,0.0,0.0,0,0.0,2026-07-26 13:00:13+00:00,2026-07-26 14:59:07+00:00,prices-history,22,False
11353,2026,Zandvoort,2026-08-23,Lando Norris,0xa927be9f2b123bc602c336738ea2fbf4730a6a8ef2d2676f50d967e12d0c163c,61632483259791156388118428310258844217648412995334767231217680481104935845277,120536.09645699998,True,121,120,102,121,0.9917355371900827,0.8429752066115702,1.0,515,54239.410021,2026-08-23 13:00:12+00:00,2026-08-23 14:59:12+00:00,prices-history,1,True
11353,2026,Zandvoort,2026-08-23,Lewis Hamilton,0xc7bf80a13d95230833ed5fe12398197aa68441bcfcd729d6a153fb0a3129414d,68070681267453227644979843063596962102048622706439430091863269060786263117307,87085.590104,True,121,120,60,114,0.9917355371900827,0.49586776859504134,0.9421487603305785,170,18755.043446,2026-08-23 13:00:13+00:00,2026-08-23 14:59:12+00:00,prices-history,2,True
11353,2026,Zandvoort,2026-08-23,Kimi Antonelli,0x81208b756e5def31d6900b5e5d4c62bb542d40fb683609e9b9f4c7a31cf39b9e,50728081048979415655746264050669955410416478535095648062740997953803532843282,68787.221974,True,121,120,99,119,0.9917355371900827,0.8181818181818182,0.9834710743801653,533,35218.910269,2026-08-23 13:00:13+00:00,2026-08-23 14:59:12+00:00,prices-history,3,True
11353,2026,Zandvoort,2026-08-23,Max Verstappen,0x913215b8b8b5bc5a542af0fbd36880e0b8cf5513940aad0aabc5bcd2570688f2,19701219727939682154629792947355355494536275751395979263266377278212812300720,58290.848182999995,True,121,120,10,32,0.9917355371900827,0.08264462809917356,0.2644628099173554,16,7127.347082,2026-08-23 13:00:12+00:00,2026-08-23 14:59:12+00:00,prices-history,4,True
11353,2026,Zandvoort,2026-08-23,Charles Leclerc,0x4face88ac93c15df1036e3709d52b7d1ffec391ff5940ed7a09417019fa8248e,31263743301627381333570992450287951758339293131802704535103858760348714098729,46347.15327400001,True,121,120,54,112,0.9917355371900827,0.4462809917355372,0.9256198347107438,111,20049.573373000003,2026-08-23 13:00:13+00:00,2026-08-23 14:59:13+00:00,prices-history,5,True
11353,2026,Zandvoort,2026-08-23,George Russell,0x108c9e9654d6473ab2b302bc9d9a9fa1d01322277decf6e0694df765642dfc43,15982630510514242276115565358973943104033738596500347772025847230002899501164,39415.54113399999,True,121,120,66,115,0.9917355371900827,0.5454545454545454,0.9504132231404959,131,15475.750580999998,2026-08-23 13:00:11+00:00,2026-08-23 14:59:11+00:00,prices-history,6,True
11353,2026,Zandvoort,2026-08-23,Oscar Piastri,0x51ee5318c0603f554df96e1f2889f4e24a7835bd2d22363d2c57c42451e5fecb,7252743452994692813116289796445450724484256296641659671065342572529017089122,27438.408121,True,121,120,57,110,0.9917355371900827,0.47107438016528924,0.9090909090909091,110,8988.450165,2026-08-23 13:00:13+00:00,2026-08-23 14:59:12+00:00,prices-history,7,False
11353,2026,Zandvoort,2026-08-23,Alexander Albon,0x90f0313f9b7c291d54dc3e2d684111288ac364510a90521eabbb2605ef17a51d,107717312741151692817290399705916136056839748676333213531524672225610160761383,14390.652,True,121,120,1,6,0.9917355371900827,0.008264462809917356,0.049586776859504134,2,53.08,2026-08-23 13:00:15+00:00,2026-08-23 14:59:15+00:00,prices-history,8,False
11353,2026,Zandvoort,2026-08-23,Franco Colapinto,0x919c64d752c9f9a423325c13afc4da5653584a21ec96e5fc77be41f422bcdca7,2693344152197681945128396479544329649595745112854003889247361313484031086562,12687.882,True,121,120,8,32,0.9917355371900827,0.06611570247933884,0.2644628099173554,9,378.79999999999995,2026-08-23 13:00:13+00:00,2026-08-23 14:59:13+00:00,prices-history,9,False
11353,2026,Zandvoort,2026-08-23,Sergio Perez,0xd6b97ccb9f2ac4bb7f8568d13adf24716173ad6457e10b14e9eb48aab6eea40e,31597268141676532443178709979884176431574112979121090076150921034905118428020,11738.182,True,121,120,0,0,0.9917355371900827,0.0,0.0,0,0.0,2026-08-23 13:00:14+00:00,2026-08-23 14:59:14+00:00,prices-history,10,False
11353,2026,Zandvoort,2026-08-23,Valtteri Bottas,0xe3541d441f4f93bdf5711bcd3ce7cbec7a558d384dd18802b5e222af64b01424,533935557068180952836836420463150970224079881988521801680917777449590878647,10445.572,True,121,120,4,11,0.9917355371900827,0.03305785123966942,0.09090909090909091,12,474.40999999999997,2026-08-23 13:00:13+00:00,2026-08-23 14:59:13+00:00,prices-history,11,False
11353,2026,Zandvoort,2026-08-23,Gabriel Bortoleto,0x869a497f276ef536f19dec2f34a4d66558431ecdc0b62ad82dbded4e46f6a74d,58967080113561277506915671204482003181039664388088483188730650547584377032141,9791.724,True,121,120,1,6,0.9917355371900827,0.008264462809917356,0.049586776859504134,1,253.344,2026-08-23 13:00:13+00:00,2026-08-23 14:59:13+00:00,prices-history,12,False
11353,2026,Zandvoort,2026-08-23,Oliver Bearman,0xfcd1c3aa0370a90c265daa7bcb9a0f46268e4deaa849245c651f367b1a0324a9,3043827975290967700280786525649657129960166084238953749162679594094332393637,9615.282,True,121,120,0,0,0.9917355371900827,0.0,0.0,0,0.0,2026-08-23 13:00:12+00:00,2026-08-23 14:59:12+00:00,prices-history,13,False
11353,2026,Zandvoort,2026-08-23,Lance Stroll,0xcddf46b0b72b9d6bf68ce3a138af4855b67b37ad7f495e299105cda5012dc768,69318823658345174731496047831403438023758376533100894508732810253748492125099,9183.86,True,121,120,5,17,0.9917355371900827,0.04132231404958678,0.14049586776859505,7,313.49,2026-08-23 13:00:14+00:00,2026-08-23 14:59:14+00:00,prices-history,14,False
11353,2026,Zandvoort,2026-08-23,Nico Hulkenberg,0x7819f603cb2bff30587bdbceae72da6a661720090984ecee62b8405393eb0a9e,101668768185105318600460136267238390634737024900221954489693306585644949521187,7793.9839999999995,True,121,120,0,0,0.9917355371900827,0.0,0.0,0,0.0,2026-08-23 13:00:13+00:00,2026-08-23 14:59:12+00:00,prices-history,15,False
11353,2026,Zandvoort,2026-08-23,Esteban Ocon,0xc0f0d6a17836cf81495546f9e3cdf131be6cd3d7b2ebc5e50c0065ff64642388,29970956877445970070542736579506399923739636674048211569835034585921565866474,7726.1720000000005,True,121,120,1,6,0.9917355371900827,0.008264462809917356,0.049586776859504134,2,37.18,2026-08-23 13:00:13+00:00,2026-08-23 14:59:13+00:00,prices-history,16,False
11353,2026,Zandvoort,2026-08-23,Arvid Lindblad,0x19fb20654780f2b07754753dab2134a7f47759c4712dce13a345df72da4d9438,76965612458889544395587219634362598347128946936221437057452858671637129545631,7716.784,True,121,120,0,0,0.9917355371900827,0.0,0.0,0,0.0,2026-08-23 13:00:13+00:00,2026-08-23 14:59:13+00:00,prices-history,17,False
11353,2026,Zandvoort,2026-08-23,Carlos Sainz Jr.,0x06252f2b0f8185c518542a90a41c546e8ef3c6326533eeef74fd6f24c9a063b6,49243026775402120035881301316164932570657034617088622288998385341703229715725,7687.172,True,121,120,0,0,0.9917355371900827,0.0,0.0,0,0.0,2026-08-23 13:00:13+00:00,2026-08-23 14:59:12+00:00,prices-history,18,False
11353,2026,Zandvoort,2026-08-23,Pierre Gasly,0x776beb9b0128d55521bbd659a9896fcb036f3d479b07cb7db79cdaef96e1d021,59556759737323971562367857984639659789956229427670492902321932674547056346417,7572.972,True,121,120,0,0,0.9917355371900827,0.0,0.0,0,0.0,2026-08-23 13:00:14+00:00,2026-08-23 14:59:14+00:00,prices-history,19,False
11353,2026,Zandvoort,2026-08-23,Fernando Alonso,0x47fc94dee2882e97b9965c4dfea3e60c257b8aae5165a93786782687763519b1,38527851700531116066983701155546813617664056224994165269167290978588199532063,1420.385189,False,121,120,1,6,0.9917355371900827,0.008264462809917356,0.049586776859504134,1,90.476189,2026-08-23 13:00:12+00:00,2026-08-23 14:59:11+00:00,prices-history,20,False
11353,2026,Zandvoort,2026-08-23,Liam Lawson,0x378ce14270cecac6bad6016abd615868de19a42aa6a1624435e0cbcb09bde320,95133495105192705851023041288615986667375306551967245386313801927966059479227,754.872,False,121,120,0,0,0.9917355371900827,0.0,0.0,0,0.0,2026-08-23 13:00:11+00:00,2026-08-23 14:59:11+00:00,prices-history,21,False
11353,2026,Zandvoort,2026-08-23,Isack Hadjar,0x16565351a660f644b16ce7dab1965d66404f6b8875dfbfc3479432455828a1de,90476369325821935536523735546982986993281800569013925562636517628185865159025,365.102666,False,121,120,0,0,0.9917355371900827,0.0,0.0,0,0.0,2026-08-23 13:00:13+00:00,2026-08-23 14:59:12+00:00,prices-history,22,False
11361,2026,Monza,2026-09-06,Kimi Antonelli,0xc58d77cf0fef939ca08d984b5b8670828712a2442193f2f740a9c7cc61ca4b7d,59048326431484503336574279566029895875652363910420592067247863558648565541981,361422.37121099985,True,121,120,112,121,0.9917355371900827,0.9256198347107438,1.0,1897,234595.96160799998,2026-09-06 13:00:31+00:00,2026-09-06 14:59:15+00:00,prices-history,1,True
11361,2026,Monza,2026-09-06,Max Verstappen,0x8c1a7abedd819b1c6d11af1cca61362640c1199d951c00343c255f97032854a7,90322077412647189266290159150560170330230065657476029160509791020361967596432,187912.60565199997,True,121,120,109,121,0.9917355371900827,0.9008264462809917,1.0,942,111855.837921,2026-09-06 13:00:31+00:00,2026-09-06 14:59:16+00:00,prices-history,2,True
11361,2026,Monza,2026-09-06,George Russell,0x20a8f886a0500fce5fb39e967d597f1cf65db1c16c3ea46e895fdd892ddcda15,93775313393236218098228744641381972873398751954237773662268951064359079680391,168871.17787099996,True,121,120,110,121,0.9917355371900827,0.9090909090909091,1.0,1039,109047.317007,2026-09-06 13:00:31+00:00,2026-09-06 14:59:15+00:00,prices-history,3,True
11361,2026,Monza,2026-09-06,Pierre Gasly,0x98148d673d391c2b57abfa1cedb43054cb1e8955ff16cff086c6a09257602af2,70072477184774868076415790487696096164942263616338492201982300865398970517655,116182.498383,True,121,120,84,119,0.9917355371900827,0.6942148760330579,0.9834710743801653,278,21345.198129,2026-09-06 13:00:28+00:00,2026-09-06 14:59:12+00:00,prices-history,4,True
11361,2026,Monza,2026-09-06,Lando Norris,0x6ad3cb9f9dd06a87d46403190389851e0678b17ddcae52a9de9abb06c582487e,61876817411061358862545241841060260771671969137139281940198951229665042365235,80509.45264499998,True,121,120,63,109,0.9917355371900827,0.5206611570247934,0.9008264462809917,161,20890.167621999997,2026-09-06 13:00:30+00:00,2026-09-06 14:59:14+00:00,prices-history,5,True
11361,2026,Monza,2026-09-06,Lewis Hamilton,0xb2c8b4274891b01f801f71803f6aa3028c20f22d4fc11e23ee0cc9b0e8d380b5,2146736570076516372182386500284470034560383164275054776960432208390387589510,63844.174275,True,121,120,76,116,0.9917355371900827,0.628099173553719,0.9586776859504132,301,32673.151266000004,2026-09-06 13:00:28+00:00,2026-09-06 14:59:12+00:00,prices-history,6,True
11361,2026,Monza,2026-09-06,Oscar Piastri,0x8bb2a10cc4e0aeb73788c30650e58c427bf1a8ae657801dd548c72c169172e64,84275850582666772819868234169793990674962911517545547052855120268036013634345,49231.522195,True,121,120,66,112,0.9917355371900827,0.5454545454545454,0.9256198347107438,201,11394.563003000001,2026-09-06 13:00:31+00:00,2026-09-06 14:59:16+00:00,prices-history,7,False
11361,2026,Monza,2026-09-06,Charles Leclerc,0x4bc6b8a524440e27a517660c2e834211ca0a83de753b3ecaab5c44061ed392ac,21107884862437516993506069200682399328695692961577613085816394273368008108964,39337.542804,True,121,120,12,25,0.9917355371900827,0.09917355371900827,0.2066115702479339,61,4893.493755,2026-09-06 13:00:32+00:00,2026-09-06 14:59:17+00:00,prices-history,8,False
11361,2026,Monza,2026-09-06,Carlos Sainz Jr.,0x48ac674a9a0eb610610b43c049aae1c21921f081de2c790e9ecd28e0f520ee28,9245644110671493184850505999606141348236411139522066365543651564235990873894,12713.187390000003,True,121,120,1,6,0.9917355371900827,0.008264462809917356,0.049586776859504134,3,100.0,2026-09-06 13:00:31+00:00,2026-09-06 14:59:15+00:00,prices-history,9,False
11361,2026,Monza,2026-09-06,Franco Colapinto,0x21f90d3461d31d27b9917ae1498621f3eae91eee6aa9ad9b02b635636f558e42,108043109721942625308776990804475636833788741991843350627690977009743700843548,6005.795411,True,121,120,15,35,0.9917355371900827,0.12396694214876033,0.2892561983471074,32,1922.605411,2026-09-06 13:00:31+00:00,2026-09-06 14:59:15+00:00,prices-history,10,False
11361,2026,Monza,2026-09-06,Lance Stroll,0x35396580742ee98bfae3d37640e0fe58d4de06cef3faeec0e12c4b8e8ebbcac7,56398461208345647308642508322698659941463236324566343636226566449781556263791,4310.705614,False,121,120,1,6,0.9917355371900827,0.008264462809917356,0.049586776859504134,3,97.32,2026-09-06 13:00:28+00:00,2026-09-06 14:59:12+00:00,prices-history,11,False
11361,2026,Monza,2026-09-06,Arvid Lindblad,0x1aef67a31b26856c1215133a3bd8a18c65dd17b10c55d09698623fe15172e96a,61624692548899703672863877300705208899194185244586536482716313328784688105670,3978.84,False,121,120,0,0,0.9917355371900827,0.0,0.0,0,0.0,2026-09-06 13:00:29+00:00,2026-09-06 14:59:13+00:00,prices-history,12,False
11361,2026,Monza,2026-09-06,Liam Lawson,0x2ae424e704717c1039ae6be57d35bf4036b0a923d12c933ff536c384bb01b033,41089298926277992145612589948747816880333454307293450361549021118836390856284,3832.52,False,121,120,0,0,0.9917355371900827,0.0,0.0,0,0.0,2026-09-06 13:00:31+00:00,2026-09-06 14:59:15+00:00,prices-history,13,False
11361,2026,Monza,2026-09-06,Isack Hadjar,0x07019b287b2ede5dd128e15339fdc472881ee9eb0e97c5cc7133d8dda89f3797,14342197072077758039860945469789742676639737466097451017203209214036564526385,1478.4299999999998,False,121,120,0,0,0.9917355371900827,0.0,0.0,0,0.0,2026-09-06 13:00:31+00:00,2026-09-06 14:59:15+00:00,prices-history,14,False
11361,2026,Monza,2026-09-06,Alexander Albon,0xaa7e960fcdc7d685330e0f1f032516fe4b1726764f27667e7343bf946a080969,111981160129085298921009066398901257015308062589373315875699146114723054240990,729.94,False,121,120,0,0,0.9917355371900827,0.0,0.0,0,0.0,2026-09-06 13:00:28+00:00,2026-09-06 14:59:12+00:00,prices-history,15,False
11361,2026,Monza,2026-09-06,Sergio Perez,0x3dc897741740894b00ce4d087a003aaa6a4fac9ea8c5b0694c14299085e6c848,77560091756559076730840242703973133026130583651736695526608823153669674836000,549.52,False,121,120,0,0,0.9917355371900827,0.0,0.0,0,0.0,2026-09-06 13:00:29+00:00,2026-09-06 14:59:13+00:00,prices-history,16,False
11361,2026,Monza,2026-09-06,Esteban Ocon,0x5d4800331dd1f8d3e89b302c6e67227b19e4ae4804f3546f24c9b841ba01a7eb,106345084017058481477020051207349617937458549260348414231450575152672403804557,511.47999999999996,False,121,120,0,0,0.9917355371900827,0.0,0.0,0,0.0,2026-09-06 13:00:30+00:00,2026-09-06 14:59:14+00:00,prices-history,17,False
11361,2026,Monza,2026-09-06,Gabriel Bortoleto,0x55f9afa1e69ff4dac67a21b99eb1c56b2c4d389f18508dfababad40673312068,84049070547363163187960368871858803807373852109429770109808557831844360507556,504.4000000000001,False,121,120,0,0,0.9917355371900827,0.0,0.0,0,0.0,2026-09-06 13:00:29+00:00,2026-09-06 14:59:14+00:00,prices-history,18,False
11361,2026,Monza,2026-09-06,Nico Hulkenberg,0x1ef558aa81917e1c53fec05c45996e621beb029ec31385f68aa7673f8ba65ff3,82417401632528265255382943299399964278280531108832149597921103178702763967322,414.34000000000003,False,121,120,0,0,0.9917355371900827,0.0,0.0,0,0.0,2026-09-06 13:00:30+00:00,2026-09-06 14:59:14+00:00,prices-history,19,False
11361,2026,Monza,2026-09-06,Fernando Alonso,0x5710312e3c74666b4bb414abd3a24a8ebc7578795b385cfb0d05fabb5b07630a,56776833122532520008834767852741175636860367067881473444524892537362594512754,407.14,False,121,120,0,0,0.9917355371900827,0.0,0.0,0,0.0,2026-09-06 13:00:30+00:00,2026-09-06 14:59:14+00:00,prices-history,20,False
11361,2026,Monza,2026-09-06,Oliver Bearman,0x6ac627890b75eba843332f5e0bf0c9be3be2fcee95220e89c9599e33ade99ba5,3619997409361300322126196893038552464941219653598551104845582881186267235433,395.46000000000004,False,121,120,0,0,0.9917355371900827,0.0,0.0,0,0.0,2026-09-06 13:00:30+00:00,2026-09-06 14:59:15+00:00,prices-history,21,False
11361,2026,Monza,2026-09-06,Valtteri Bottas,0x210b8e687e593e27ddea5be88c4b7654da6f7efca268b46de100732af2302f93,25937343593230001310647504277369030332847947003477958291894956460096616203118,328.98,False,121,120,0,0,0.9917355371900827,0.0,0.0,0,0.0,2026-09-06 13:00:29+00:00,2026-09-06 14:59:14+00:00,prices-history,22,False
11369,2026,Madring,2026-09-13,Kimi Antonelli,0x4bc042ff1e9b59622361989ebd7e368461fd62588ad295ae32d910caf1fc9a75,3314500035588607915289946604107785300134155481125651024767302998225864527997,296023.11695199995,True,121,120,111,121,0.9917355371900827,0.9173553719008265,1.0,1385,170858.96717000002,2026-09-13 13:00:18+00:00,2026-09-13 14:59:16+00:00,prices-history,1,True
11369,2026,Madring,2026-09-13,Lando Norris,0x3eddbc6c04bbd3c51239847ed372c3380e55944c0a1dd096a82a74385a5fe3de,44280532275126647504096025494697606615153404868513315783737550123256349498579,141712.620462,True,121,120,94,116,0.9917355371900827,0.7768595041322314,0.9586776859504132,837,100914.030669,2026-09-13 13:00:16+00:00,2026-09-13 14:59:15+00:00,prices-history,2,True
11369,2026,Madring,2026-09-13,Charles Leclerc,0x96ffe83b0fb9bbf8165991c52fd2ad2589418a272d16103bb08aa674d9db49cd,68196136257835139860648437172480222440894032578411646744183887499105525860761,136485.652058,True,121,120,90,104,0.9917355371900827,0.743801652892562,0.859504132231405,536,84919.007284,2026-09-13 13:00:15+00:00,2026-09-13 14:59:13+00:00,prices-history,3,True
11369,2026,Madring,2026-09-13,Max Verstappen,0x9c0e0c5c8b7ca1f31aa4404e460213af30247cea4939235d8ce6fde2d62e5181,47063478979761456478730930736175755995023338749666928357108239930900705627881,114694.85634299996,True,121,120,92,120,0.9917355371900827,0.7603305785123967,0.9917355371900827,677,57183.075136,2026-09-13 13:00:16+00:00,2026-09-13 14:59:14+00:00,prices-history,4,True
11369,2026,Madring,2026-09-13,Lewis Hamilton,0x69cdb844ad8c8b1655fa49c96ee6b97d6f8e1569b9e154ab3e8dd81cd62beafa,54251562918589110467933415696668496915625637260457764231635158087558947542569,50207.63029399999,True,121,120,16,37,0.9917355371900827,0.1322314049586777,0.30578512396694213,69,7383.8731,2026-09-13 13:00:18+00:00,2026-09-13 14:59:16+00:00,prices-history,5,True
11369,2026,Madring,2026-09-13,George Russell,0x06aa10fce973b41b644bc5e2dcf334a7c7b36312453b40d428fb25fa22805bd3,62919709737648522914869028434987380403888022961214965827929997250009261425124,32933.066945,True,121,120,51,82,0.9917355371900827,0.4214876033057851,0.6776859504132231,126,6376.337659000002,2026-09-13 13:00:16+00:00,2026-09-13 14:59:15+00:00,prices-history,6,True
11369,2026,Madring,2026-09-13,Oscar Piastri,0x52f46fe3b86e855cf3dd5e7328d09c5a112be2f6483d76c44ce344f319dc42bd,65371627473685225907152595720432212997861829028916098830777032765546765405890,10808.822603,True,121,120,10,21,0.9917355371900827,0.08264462809917356,0.17355371900826447,22,559.715,2026-09-13 13:00:17+00:00,2026-09-13 14:59:16+00:00,prices-history,7,False
11369,2026,Madring,2026-09-13,Franco Colapinto,0xf5bd97f3512d716599449546a3754275f40a49a1a806b0def8b4dbd95765c187,12441155769340707097549215580854221487946234094623273069130993907597370223743,4823.437519,False,121,120,0,0,0.9917355371900827,0.0,0.0,0,0.0,2026-09-13 13:00:15+00:00,2026-09-13 14:59:13+00:00,prices-history,8,False
11369,2026,Madring,2026-09-13,Liam Lawson,0xe6e22864bb2bcef2f8e60f3e08db8af037bdbff154c5fb1124359402f74a28b1,44740460312154507980283896786170883051204485280470136265602823161509648718256,4787.04,False,121,120,1,6,0.9917355371900827,0.008264462809917356,0.049586776859504134,1,1000.0,2026-09-13 13:00:18+00:00,2026-09-13 14:59:16+00:00,prices-history,9,False
11369,2026,Madring,2026-09-13,Arvid Lindblad,0xe812dc4a412f922f975988d983db6289d0d3fa02780f3db8bd1de6ff4f74a506,82443535344081940864772961689225207362427718265885569269360778091336085293663,3826.506112,False,121,120,0,0,0.9917355371900827,0.0,0.0,0,0.0,2026-09-13 13:00:17+00:00,2026-09-13 14:59:16+00:00,prices-history,10,False
11369,2026,Madring,2026-09-13,Pierre Gasly,0xb10daef876c9f0d0d241a867bde962954368af558aeb2a166c151a8bd778503a,59603994741245894167526874797606172711044288187575911580191800701274101817909,3066.254129,False,121,120,0,0,0.9917355371900827,0.0,0.0,0,0.0,2026-09-13 13:00:17+00:00,2026-09-13 14:59:16+00:00,prices-history,11,False
11369,2026,Madring,2026-09-13,Fernando Alonso,0x5479759897d8e50a00e3cd4b292d6222089dccd224d095d208be056c8bf5f592,19141688897659119903214303362584364558999551136606830039958832450234191144393,2215.49,False,121,120,0,0,0.9917355371900827,0.0,0.0,0,0.0,2026-09-13 13:00:17+00:00,2026-09-13 14:59:15+00:00,prices-history,12,False
11369,2026,Madring,2026-09-13,Nico Hulkenberg,0x9311e7cce3bd2a4efc56ebc357c019be570201533db1a3762df13eaa7b495bb2,60837028752868223568738793365078767796309607398265027122912531943568786295798,1523.470189,False,121,120,0,0,0.9917355371900827,0.0,0.0,0,0.0,2026-09-13 13:00:14+00:00,2026-09-13 14:59:13+00:00,prices-history,13,False
11369,2026,Madring,2026-09-13,Isack Hadjar,0x915019e6b4c0427249f536be661ce91b5fdf6b6fcda37a3c15a2ed2d2f8a066b,21938678649027533587035126206818325768190539163631794324044400560797664553884,1429.475455,False,121,120,0,0,0.9917355371900827,0.0,0.0,0,0.0,2026-09-13 13:00:19+00:00,2026-09-13 14:59:17+00:00,prices-history,14,False
11369,2026,Madring,2026-09-13,Gabriel Bortoleto,0x79e8183061e48c65c805837baba86fddb82288dd1ed76f82f65705bff5fceb63,67802081715078022592397932598546437323929022841351740908552265872043352883997,1359.860577,False,121,120,0,0,0.9917355371900827,0.0,0.0,0,0.0,2026-09-13 13:00:14+00:00,2026-09-13 14:59:12+00:00,prices-history,15,False
11369,2026,Madring,2026-09-13,Sergio Perez,0x408d0d4acbb4d24c7b2198a970b1df9d7fc00e8d74734871f24a0245a5fda67b,99920088616753125937781527385717956561821610075562884293487362652751853123391,1114.0,False,121,120,1,6,0.9917355371900827,0.008264462809917356,0.049586776859504134,1,100.0,2026-09-13 13:00:15+00:00,2026-09-13 14:59:14+00:00,prices-history,16,False
11369,2026,Madring,2026-09-13,Carlos Sainz Jr.,0x6a2b9c32733b552d9fded4981b333d6eb984e433a231d71e554f76e5e6a87015,14076607607388108966350717765302295210419667477839022947642792754674625438141,1100.0,False,121,120,1,6,0.9917355371900827,0.008264462809917356,0.049586776859504134,1,100.0,2026-09-13 13:00:18+00:00,2026-09-13 14:59:17+00:00,prices-history,17,False
11369,2026,Madring,2026-09-13,Alexander Albon,0xfbb70f30ed07f0c5a0669028b617885d195d1a29cea8e2438acb5421f3babfdb,71530991297678121218414172133752641388319160962778524679535047638792224441420,481.33333400000004,False,121,120,1,6,0.9917355371900827,0.008264462809917356,0.049586776859504134,1,100.0,2026-09-13 13:00:16+00:00,2026-09-13 14:59:15+00:00,prices-history,18,False
11369,2026,Madring,2026-09-13,Oliver Bearman,0x9a646e72f1abea49f111c9fedfbb7ef09f2285184bf53089e928119a0b8d69be,90011689017925033715432947892666300541578822469921989037515575515518262701153,353.78999999999996,False,121,120,2,7,0.9917355371900827,0.01652892561983471,0.05785123966942149,5,100.0,2026-09-13 13:00:18+00:00,2026-09-13 14:59:16+00:00,prices-history,19,False
11369,2026,Madring,2026-09-13,Esteban Ocon,0x37d7848635c42e84d63caef37f6db1576f436770d3fcf76b9c95597062eb85f7,48843330587420726866300664638411769238727428723819876252712071908928219116976,193.79,False,121,120,0,0,0.9917355371900827,0.0,0.0,0,0.0,2026-09-13 13:00:16+00:00,2026-09-13 14:59:14+00:00,prices-history,20,False
11369,2026,Madring,2026-09-13,Valtteri Bottas,0xb844b9e680459f427e7b5bbc95d7e484531a963c11ad2e3ae07a555899c23645,93003749547854557936248675472457134602498516517705643971890928450502327027367,0.0,False,121,120,0,0,0.9917355371900827,0.0,0.0,0,0.0,2026-09-13 13:00:14+00:00,2026-09-13 14:59:12+00:00,prices-history,21,False
11369,2026,Madring,2026-09-13,Lance Stroll,0x43b7069132a25fb226cf64518396bf76dbad1c98f6c99a6693bd8f2226e7bb06,43358741889932369683242580135343205021838763766922111421294615966292864970819,0.0,False,121,120,0,0,0.9917355371900827,0.0,0.0,0,0.0,2026-09-13 13:00:15+00:00,2026-09-13 14:59:13+00:00,prices-history,22,False
